ds,yhat,yhat_lower,yhat_upper
2007-12-10,8.84473189276481,8.273388956165205,9.473046592462596
2007-12-11,8.593259649093246,7.969219333347442,9.230894097386079
2007-12-12,8.389076432840083,7.744777899846741,8.995739347928733
2007-12-13,8.366995611851008,7.7891262940386925,8.993832097057615
2007-12-14,8.354952462804013,7.771764803149857,8.958035644720605
2007-12-15,8.100236596260498,7.459214549549991,8.731710232277756
2007-12-16,8.450104153594012,7.847418221228314,9.097917828838273
2007-12-17,8.746695287519193,8.159764210832087,9.371679661001995
2007-12-18,8.509495149591354,7.886470297750339,9.110312608094924
2007-12-19,8.321644191272634,7.684567928547235,8.8780757053096
2007-12-20,8.31756377781325,7.709211919466968,8.968650231759998
2007-12-21,8.32477237796783,7.693017625791661,8.914718526341792
2007-12-22,8.090130616674621,7.4690435928188785,8.693030925745964
2007-12-23,8.460466048716558,7.811976910422908,9.086138677828838
2007-12-24,8.777502772095275,8.163247689691422,9.439515084875048
2007-12-25,8.560333730966441,7.947453098934163,9.173127795356873
2007-12-26,8.391741172212402,7.780650001068246,8.997589271501795
2007-12-27,8.40583095394923,7.784987041426413,9.017777284117889
2007-12-28,8.42985571870053,7.8276346457772314,9.033852295252144
2007-12-29,8.210465026392122,7.59886851118551,8.811037269947887
2007-12-30,8.594333177178022,7.9412148017431745,9.237940983127148
2007-12-31,8.923089782491177,8.309426503083964,9.557270224449253
2008-01-01,8.715790943078773,8.062925912060496,9.301797496112613
2008-01-02,8.555236575580219,7.9410968250685885,9.137558469450006
2008-01-03,8.575599729288387,7.985755577441281,9.213506392999681
2008-01-04,8.604243110125704,7.965863051235495,9.243444096190036
2008-01-05,8.387961165483965,7.757730044116668,9.0158999051459
2008-01-06,8.773598764157878,8.16245335761013,9.353037274511081
2008-01-07,9.102971869778399,8.501627423172911,9.773471887114697
2008-01-08,8.895328431199399,8.240244878000206,9.509911011170832
2008-01-09,8.733655408981596,8.133793712785726,9.378568351637776
2008-01-10,8.752298157669337,8.113773459396294,9.381310426951497
2008-01-11,8.778767747190873,8.151458246845376,9.37238646203881
2008-01-12,8.559974919449706,7.904990584688277,9.122542944108941
2008-01-13,8.94284202163854,8.301902640951093,9.533378522955875
2008-01-14,9.269218576578576,8.647822191694068,9.874541585239038
2008-01-15,9.058338921183159,8.415798029883144,9.69822698092782
2008-01-16,8.893127978439455,8.236032708476259,9.509616347567611
2008-01-17,8.907821462076484,8.312038257192983,9.55957854061999
2008-01-18,8.92977610683813,8.341266038786443,9.506201211801955
2008-01-19,8.705708559038579,8.069441815848036,9.313017744492326
2008-01-20,9.08231413779783,8.493488531326754,9.697097971911608
2008-01-21,9.401190929802231,8.786744844327794,10.005565436868677
2008-01-22,9.181307390440164,8.581749694809732,9.799415547323479
2008-01-23,9.005319205150872,8.391009308744037,9.641874097629533
2008-01-24,9.007201354603168,8.353142681667737,9.61806367471991
2008-01-25,9.014070587712064,8.375589498008614,9.675751150212793
2008-01-26,8.772436526885501,8.14330023766232,9.376323073076653
2008-01-27,9.128832196856544,8.470196455751186,9.752275320735926
2008-01-28,9.42474902531949,8.7812424466808,10.015284887701943
2008-01-29,9.17911409110764,8.538652848915548,9.747848148058024
2008-01-30,8.974615006987255,8.327474703408816,9.616673701630912
2008-02-01,8.918594515355386,8.288067232582426,9.570230025603069
2008-02-02,8.641173179754562,7.980841648761823,9.306506377052138
2008-02-03,8.959969743239942,8.324003364854724,9.568328088928327
2008-02-04,9.216918018713153,8.621686426349592,9.810308044329728
2008-02-05,8.931460790967439,8.302487881822374,9.530082436560416
2008-02-06,8.68686578551935,8.079712452762726,9.310252666865798
2008-02-07,8.617852547787955,8.052823447400986,9.22871242597935
2008-02-08,8.552405415643031,7.882828817079095,9.129984530190574
2008-02-09,8.238010920202282,7.630679175339578,8.847201623647363
2008-02-10,8.522270647725145,7.9225385574731275,9.11355454603664
2008-02-11,8.747814978713764,8.162842750537472,9.4230515841929
2008-02-12,8.434755965908948,7.863984191523161,9.052996855096039
2008-02-13,8.166985330165426,7.5302083026601005,8.783471912717257
2008-02-14,8.079783875898489,7.479281359630851,8.729011063853637
2008-02-15,8.001618013677565,7.366238520504678,8.595170308371127
2008-02-16,7.680362212069789,7.085074363148411,8.299520747711307
2008-02-17,7.9638988670219275,7.316274535918159,8.589358458361565
2008-02-18,8.195021414971821,7.563084929583555,8.815589115848828
2008-02-19,7.89387930354711,7.277144173539443,8.532845190557431
2008-02-20,7.644271082167725,6.982210793681592,8.335197160910536
2008-02-21,7.58125211949131,6.911902220315626,8.202724676229906
2008-02-22,7.5329327555194885,6.853476550702151,8.168023002065356
2008-02-23,7.246705740934403,6.660963507827376,7.871666038798194
2008-02-24,7.5698543905166185,6.944753236844335,8.17725965356961
2008-02-25,7.84446712390182,7.245312841586127,8.44101537459246
2008-02-26,7.589896766106896,6.986261771463404,8.206686258814221
2008-02-27,7.389070545773339,6.738496285005774,8.01326359525223
2008-02-29,7.37818442060033,6.783830590643602,8.0016013773955
2008-03-02,7.512956130333421,6.888110594993876,8.118840218581722
2008-03-05,7.457786975882388,6.851685992423995,8.066832673617315
2008-03-06,7.477807188336269,6.877994352936198,8.101695007954971
2008-03-07,7.5073185858391485,6.923678290203616,8.119230747652187
2008-03-08,7.292272081191295,6.705568962753623,7.922784102527542
2008-03-09,7.67865742454098,7.040950621958055,8.369229548129324
2008-03-10,8.007448588168598,7.404950100338187,8.62968071132665
2008-03-11,7.7970897802703005,7.199210143577678,8.406643822584066
2008-03-12,7.62982730492129,7.021017491373125,8.244509762570285
2008-03-13,7.6393527770577085,7.030235580798036,8.24962641145583
2008-03-14,7.652632576258317,7.0149236926836265,8.275892653501192
2008-03-15,7.416161567543614,6.778100096960083,8.012192027465437
2008-03-16,7.776591814198092,7.1647253416519865,8.479683955139532
2008-03-17,8.075661396313317,7.529888854727782,8.732835686701236
2008-03-18,7.832661305934549,7.213742273919573,8.421208353445556
2008-03-19,7.630746127356907,7.041876431128788,8.26441164241726
2008-03-20,7.6045545530839,6.9472181793596794,8.217180476739095
2008-03-21,7.582015208693557,6.968650397105679,8.240132041287609
2008-03-22,7.310576424269685,6.688353108467149,7.928054683329624
2008-03-23,7.637811297595075,7.0055010708229375,8.2822227473276
2008-03-24,7.906323774610115,7.27135864594817,8.502064614596325
2008-03-25,7.6361943056439054,7.013764027665136,8.25381155288725
2008-03-26,7.411271331137034,6.859660595328999,8.032162527693483
2008-03-27,7.366775142584801,6.740311010153585,7.960517191347397
2008-03-28,7.331090011993752,6.721340715310133,7.947689962109832
2008-03-29,7.051983573037745,6.436040116779476,7.618162610048879
2008-03-30,7.377205053820803,6.761533475205625,7.985027691733773
2008-03-31,7.64938824633724,7.035299566485912,8.275746949919302
2008-04-01,7.388497831229026,6.777787556566724,7.976044470591393
2008-04-02,7.178125270812802,6.550863197825383,7.73707428343418
2008-04-03,7.153100676051113,6.554254062278306,7.71617441730523
2008-04-04,7.141296305490299,6.517711147088715,7.783049808046254
2008-04-05,6.889860355751153,6.306058883499281,7.51454808867286
2008-04-06,7.245832240666184,6.667988016352016,7.893694008653323
2008-04-07,7.551064773521428,6.947116731179656,8.101550919957408
2008-04-08,7.324691345656246,6.731604293555285,7.8895990524754955
2008-04-09,7.149443749005709,6.49620787541244,7.768530660405134
2008-04-10,7.159286458369669,6.508860446946426,7.819763998902834
2008-04-11,7.18124243338783,6.541236222834975,7.81411446443856
2008-04-12,6.9616485098637035,6.344923965539518,7.580033647461848
2008-04-13,7.34679101183777,6.713086965918835,7.966775666334594
2008-04-14,7.677846472619901,7.087294243631835,8.256130174335372
2008-04-15,7.473365085402891,6.785632503543835,8.115377645581715
2008-04-16,7.315602124468963,6.680791708351838,7.93202339924297
2008-04-17,7.338162822907192,6.74880555251507,7.941050095192241
2008-04-18,7.367835522013761,6.760315455259604,7.987435879084156
2008-04-19,7.1508510082477175,6.543540600538019,7.748137190194509
2008-04-20,7.533518609769121,6.9253171458970755,8.141033454689873
2008-04-21,7.85716397653507,7.229890759957797,8.448459385120605
2008-04-22,7.6406062935174806,7.021467034423802,8.307260086494457
2008-04-23,7.466480385642017,6.853441802204825,8.070968989311101
2008-04-24,7.468869499669615,6.850321561607255,8.059888333870921
2008-04-25,7.47512394993306,6.851416492973415,8.091670908488632
2008-04-26,7.232103976924627,6.605396336899278,7.8799522101465245
2008-04-27,7.5867978724211635,6.987449668264859,8.216539383299079
2008-04-28,7.8812408113709695,7.27218184851288,8.485393190439153
2008-04-29,7.634972676008334,7.030874867919095,8.24154655417486
2008-04-30,7.431340871248018,6.82296993182279,8.002907866110695
2008-05-01,7.405114446133218,6.774825008423182,7.977464539498015
2008-05-02,7.384285212375834,6.773171313048105,8.041541487560783
2008-05-03,7.116294673620812,6.484380746173723,7.710098107117227
2008-05-04,7.448638231745333,6.781605587127841,8.05846284838858
2008-05-05,7.7237724600138735,7.055185150910833,8.357860302326523
2008-05-06,7.46156400603831,6.847578250650147,8.103836698627397
2008-05-07,7.245586322057971,6.6110894914463305,7.872113299757588
2008-05-08,7.210730652184007,6.615539486719658,7.8395738524500285
2008-05-09,7.185006996811671,6.5792034146172265,7.870848895664799
2008-05-10,6.915773811613124,6.312993272643821,7.5190603995447205
2008-05-11,7.250347768703157,6.5836176378200095,7.814720271112988
2008-05-12,7.530919153664686,6.931024714991235,8.163856074943034
2008-05-13,7.277011175250564,6.66888837679076,7.895117331755284
2008-05-14,7.071789038345198,6.493593403998039,7.689797515140253
2008-05-15,7.049684813102301,6.460190657232306,7.641646917344252
2008-05-16,7.038213386118546,6.425425099996889,7.675268726382077
2008-05-17,6.7842177923265705,6.1952871725951475,7.403820494416192
2008-05-18,7.134494785803737,6.5074297649586335,7.72152818756837
2008-05-19,7.430725757016554,6.849354042585775,8.076836784427353
2008-05-20,7.191950823987237,6.5516701609632735,7.828247779113124
2008-05-21,7.000891528410877,6.377496033551505,7.664205334883897
2008-05-22,6.9915877918332585,6.409570541572183,7.603114059702734
2008-05-23,6.991224092139496,6.402554855225617,7.597731613689156
2008-05-24,6.746382894583456,6.165256765531265,7.378305853578901
2008-05-25,7.103675999125218,6.535488120676455,7.761607460311626
2008-05-26,7.40467878808298,6.768792425162857,8.053513127115252
2008-05-27,7.16840515355087,6.535143651642745,7.787271710513427
2008-05-28,6.977628563450912,6.374589311858437,7.593576547134585
2008-05-29,6.966515022998796,6.33425007672367,7.582016435396648
2008-05-30,6.962443063318831,6.352419295717551,7.594944091437042
2008-05-31,6.712249026466912,6.077351326032707,7.294226164384321
2008-06-03,7.111566384209589,6.531388322087002,7.74237859166713
2008-06-04,6.912225078790305,6.290186415564573,7.544253631407522
2008-06-05,6.892686880896774,6.1902353188856,7.523455727464994
2008-06-06,6.8807038841101935,6.297438696688198,7.470439576382765
2008-06-07,6.623462735257842,5.983903667415272,7.244049904217073
2008-06-08,6.968195223940817,6.3713928294781335,7.613063718818671
2008-06-09,7.25709176923611,6.601327520185167,7.886148610306762
2008-06-10,7.009756235788805,6.371482457456276,7.634390410461999
2008-06-11,6.8095081595778195,6.197869386489031,7.411030367176396
2008-06-12,6.790998711568069,6.181074318911691,7.367683153045328
2008-06-13,6.782016035242734,6.21055152768318,7.453141733384483
2008-06-14,6.529718649765839,5.943324944614809,7.181443892501905
2008-06-15,6.8812481996614805,6.239042938808906,7.504793565505425
2008-06-16,7.178647097140223,6.578175197803579,7.786708397124753
2008-06-17,6.941319324968621,6.338225077330838,7.598027754557479
2008-06-18,6.752340259359604,6.118199140320982,7.373206289920843
2008-06-19,6.746081571209943,6.116115325353702,7.369098785434113
2008-06-20,6.750026531803886,6.129492761975851,7.376489730224269
2008-06-21,6.511014073287342,5.883450529638618,7.141311222678473
2008-06-22,6.875862534371597,6.261160891892496,7.538061602742087
2008-06-23,7.186298255024216,6.58801837955258,7.814013834587403
2008-06-24,6.961426942892081,6.3001018706989305,7.581851427857018
2008-06-25,6.784053317030176,6.175577785894052,7.394911602433685
2008-06-26,6.788314770036518,6.140175302708656,7.4216119813831085
2008-06-27,6.801504092678312,6.1739050812660565,7.4164427912505495
2008-06-28,6.570319376594027,5.944781408996236,7.192105206374482
2008-06-29,6.941491833979869,6.371276564208389,7.5429515459829
2008-06-30,7.2567165897194466,6.634887856076696,7.894383661979031
2008-07-02,6.859599043409239,6.275082124466267,7.484802797810629
2008-07-03,6.864408499008842,6.206106379750826,7.507374493375047
2008-07-04,6.877021234504596,6.282925007308784,7.516626962179357
2008-07-05,6.644349753680274,5.995492082065498,7.21777503221978
2008-07-06,7.013370069340483,6.371730426524607,7.62079198508233
2008-07-07,7.326043207144575,6.722323400686504,7.958121102706216
2008-07-08,7.10177678939581,6.489344355830147,7.743617237117555
2008-07-09,6.923732553962445,6.301812351830176,7.542210349435423
2008-07-10,6.926445966850308,6.3379334987014575,7.541710906921225
2008-07-11,6.937633455471962,6.28772380695605,7.568369255522696
2008-07-12,6.704425909455532,6.084403115313716,7.301337912580498
2008-08-01,7.334860561980841,6.7406179258426615,7.925015496319442
2008-08-02,7.112632587332641,6.517897772650185,7.773092785042871
2008-08-03,7.490634665183343,6.84541569205983,8.113214318175299
2008-08-04,7.810565323753471,7.234890793671124,8.419513660071933
2008-08-05,7.591588250221384,6.930094008067085,8.203546092054887
2008-08-06,7.41665098953797,6.815783931444718,8.060578893155
2008-08-07,7.4201153221423946,6.8072364113836406,8.029286705276336
2008-08-08,7.429574454690015,6.785674349979392,8.053776844959959
2008-08-09,7.1920952931772035,6.532982877788057,7.775804450895818
2008-08-10,7.554836750449346,6.924921808031182,8.184693794943845
2008-08-11,7.859969409611438,7.236814140700121,8.441242136386636
2008-08-12,7.627134698681622,7.035707725977151,8.20477893119003
2008-08-13,7.439749439650643,6.847105927329162,8.044283474650245
2008-08-14,7.4326219507814715,6.871084849784953,8.069248296005162
2008-08-15,7.433755262631976,6.807021579201123,8.064082463572545
2008-08-16,7.190576141293198,6.550178584846336,7.827607523969216
2008-08-17,7.550541279908349,6.948963009481344,8.166732056822486
2008-08-18,7.856046361640909,7.260097066951697,8.455828012308306
2008-08-19,7.6268764919233,7.023156996238576,8.2658493738177
2008-08-20,7.446504155789493,6.845262011763157,8.059864454055976
2008-08-21,7.4497011127151875,6.81180784209331,8.052037920980462
2008-08-22,7.464339956264137,6.8705243710584005,8.084409164237695
2008-08-23,7.237624126464822,6.614787675947372,7.841392757995824
2008-08-24,7.616697754368971,7.008229820641053,8.222150788427872
2008-08-25,7.943560982920081,7.3027544688574615,8.525564951022206
2008-08-26,7.7375291263423165,7.13702578908127,8.383933654116774
2008-08-27,7.581541614850119,6.950206309609425,8.182192209563302
2008-08-28,7.609786859933745,7.0014230205984225,8.206282862495971
2008-08-29,7.649518429664266,7.033917799991376,8.297665764342632
2008-08-30,7.447300932512055,6.8514177480171385,8.102952360606835
2008-08-31,7.849636558962418,7.230097450532539,8.429012725582359
2008-09-01,8.197897466207932,7.548489088368309,8.820432280730364
2008-09-02,8.010801893584036,7.371850227241529,8.625233563793659
2008-09-03,7.870739478869202,7.2739069474994205,8.489983691878802
2008-09-04,7.91141144560903,7.2700884686464935,8.51633408975425
2008-09-05,7.959660610884314,7.317357994072637,8.542841062013268
2008-09-06,7.761729209892284,7.120622576868591,8.34743011168987
2008-09-07,8.163895134277894,7.596924365248337,8.787255310206985
2008-09-08,8.507411477364746,7.898359231699081,9.152521159702292
2008-09-09,8.310987050902906,7.698467851864738,8.923643676618507
2008-09-10,8.157113196295889,7.512202796182315,8.770677789003328
2008-09-11,8.179702493993565,7.5300858374482535,8.733443223506024
2008-09-12,8.205914337055537,7.59629063216441,8.812700392804464
2008-09-13,7.982405464990449,7.398928845087828,8.60905934483769
2008-09-14,8.355956235345223,7.7335975952065965,9.038709102283406
2008-09-15,8.668397782871645,8.029478413500417,9.30322754080467
2008-09-16,8.439078056837152,7.8285489822834045,9.066998551760062
2008-09-17,8.251172445730852,7.596519754987022,8.862038591989183
2008-09-18,8.239305029110524,7.628195656609994,8.85872306681083
2008-09-19,8.231355896153616,7.630484748518909,8.82800782871391
2008-09-20,7.974693124970867,7.347895536377488,8.580715102642941
2008-09-21,8.316780708376285,7.722836952367706,8.941807359870207
2008-09-22,8.60008808017148,7.975463568818814,9.220627379016046
2008-09-23,8.344539718395886,7.739081225072432,8.919913300461522
2008-09-24,8.13381098862756,7.458974334279951,8.709672174094518
2008-09-25,8.102936675814824,7.464123010404964,8.715474761410924
2008-09-26,8.080107996291225,7.402028451865365,8.712647873988526
2008-09-27,7.8128969693002635,7.183314146374739,8.371463820172089
2008-09-28,8.1488596440149,7.506564412685658,8.757602299543699
2008-09-29,8.430443965330417,7.802478045256111,9.024141593740428
2008-09-30,8.177440799276383,7.578419006702278,8.828207247787761
2008-10-01,7.9732842393020755,7.352852170365716,8.61921229431117
2008-10-02,7.952667514996743,7.28831839789552,8.566896880187084
2008-10-03,7.943350086387559,7.283186546879126,8.566527718637705
2008-10-04,7.692394518892877,7.058641272066261,8.343576093347284
2008-10-05,8.046784282977697,7.47465025844268,8.665101732457154
2008-10-06,8.348347852063945,7.722957659517586,8.973642279041098
2008-10-07,8.11622716370561,7.5126715625480145,8.722272306502276
2008-10-08,7.933196076171506,7.346705568950552,8.555674700301095
2008-10-09,7.9332946336013705,7.3073269825140414,8.587963935118335
2008-10-10,7.943654209492205,7.318476414817114,8.547262050344663
2008-10-11,7.710751619898704,7.08785450323837,8.315861574474555
2008-10-12,8.08257296596001,7.462752690905227,8.719478232411939
2008-10-13,8.398961660131922,7.729499874826593,9.039707065119647
2008-10-14,8.178689262607266,7.55609755408467,8.82007360645491
2008-10-15,8.004253475098672,7.356375705745126,8.57475081478707
2008-10-16,8.009519321165623,7.441868894961316,8.619019477157869
2008-10-17,8.021548304303963,7.398763682054846,8.65436410320225
2008-10-18,7.786853534677546,7.185623485613956,8.375942752193048
2008-10-19,8.152031473630318,7.533585089185854,8.713223240708436
2008-10-20,8.45869529772344,7.80724422817652,9.05389631182157
2008-10-23,8.02529430224193,7.45067965803863,8.655600723229737
2008-10-24,8.019331059969232,7.4130557300460005,8.658318485387744
2008-10-25,7.76589549090348,7.113232009169401,8.382633605163818
2008-10-26,8.112178793744272,7.4540295162977195,8.697138467689376
2008-10-27,8.400392799911746,7.791225244735677,8.971245741390367
2008-10-28,8.150225326273347,7.565232750919441,8.803579163938105
2008-10-29,7.945140984735506,7.3192317444539,8.553733398275703
2008-10-30,7.919993787897465,7.339284903541195,8.568400676630597
2008-10-31,7.902827257687348,7.275924661379219,8.521063486973315
2008-11-01,7.6411008581254745,7.083144784457508,8.320403852142194
2008-11-02,7.9822942177349905,7.380149294812487,8.579969376350174
2008-11-03,8.268814922589602,7.6762559376705735,8.903462470014512
2008-11-04,8.02044842654793,7.381527979848865,8.679402150026112
2008-11-05,7.820656252518184,7.194298635869691,8.44703321611225
2008-11-06,7.80418888427673,7.186967784169467,8.401914535323138
2008-11-07,7.798889032851558,7.186138060588002,8.424143992199781
2008-11-08,7.5519239935380735,6.9487102542418855,8.143952051478124
2008-11-09,7.910398375258516,7.327719756854596,8.52044114368927
2008-11-10,8.216272726406157,7.6252142939168275,8.81006448034767
2008-11-11,7.988826281573757,7.3928609625577675,8.625990224217798
2008-11-12,7.810969625270767,7.203515793905824,8.465098879252801
2008-11-13,7.8168732499097775,7.209210414189234,8.429226193033763
2008-11-14,7.833787237881561,7.23263949432385,8.44008352195983
2008-11-15,7.60829031084294,7.006819671916723,8.228173345190859
2008-11-16,7.9869190500815535,7.343750652866415,8.586916304499985
2008-11-17,8.311102343150713,7.660839728505495,8.936225790317108
2008-11-18,8.099638834646012,7.447638069000555,8.698897737012292
2008-11-19,7.935022765957586,7.270678358689884,8.553983706469563
2008-11-20,7.9510838168536,7.3659665206169285,8.610997284692912
2008-11-21,7.974815871498348,7.354061210389963,8.603214413486763
2008-11-22,7.752632710477335,7.166147353417675,8.319829005571346
2008-11-23,8.131001263390681,7.532385399930924,8.78656930673332
2008-11-24,8.451377384559265,7.820901607213955,9.055132213242459
2008-11-25,8.232681915849406,7.59848114428505,8.833435139060448
2008-11-26,8.05762248615496,7.4712316023927965,8.663393980347218
2008-11-27,8.060326801239526,7.426437850117304,8.691464825016356
2008-11-28,8.068162558717246,7.424804854205843,8.670894301482996
2008-11-29,7.827982266565339,7.1667974296693355,8.438119848159783
2008-11-30,8.186743932473828,7.5302252322090055,8.806638485142802
2008-12-01,8.486432965066408,7.893805018850964,9.051543384392494
2008-12-02,8.246523463670266,7.603375995573133,8.867597571638758
2008-12-03,8.050284780648164,7.407219033138506,8.699926949657703
2008-12-04,8.032399553166828,7.435454145115625,8.668728736088516
2008-12-05,8.020768778000596,7.412883498315527,8.704825149180268
2008-12-06,7.762742629167798,7.175543673180246,8.398844925255204
2008-12-07,8.105728377444468,7.491532341978611,8.714999778059049
2008-12-08,8.392101103442183,7.777834349788248,9.03797905800256
2008-12-09,8.141655680489832,7.518492080217507,8.734382080632848
2008-12-10,7.937906151305092,7.369286275228798,8.60708587891894
2008-12-11,7.915698869158639,7.303568997119162,8.528244253314849
2008-12-12,7.903015080225026,7.296184525267631,8.485889497096322
2008-12-13,7.6472016768782165,7.037725365968654,8.216597772756225
2008-12-14,7.99558143764879,7.3783926081197855,8.607781449769252
2008-12-15,8.290368330936355,7.679475953919521,8.93402304417541
2008-12-16,8.051126177066477,7.435008335370325,8.629867257867264
2008-12-17,7.86107655013885,7.254432207811349,8.48725326947595
2008-12-18,7.854721995026909,7.231681513264538,8.471339155678082
2008-12-19,7.859659897537879,7.253203909048677,8.49655285709489
2008-12-20,7.622825366418013,7.008947920475348,8.2319549361844
2008-12-21,7.991114051125778,7.384859432881175,8.59679992162525
2008-12-22,8.306310072345187,7.607025150343247,8.873215874158708
2008-12-23,8.087556963834908,7.504068131951306,8.735249721814172
2008-12-24,7.917677127580457,7.27728116950454,8.542334233287308
2008-12-25,7.930805526287697,7.332501311619651,8.541063605843531
2008-12-26,7.954212638973855,7.29071280777838,8.57932396626819
2008-12-27,7.734554774611282,7.118524644693804,8.374029925930612
2008-12-28,8.118502460579924,7.502395423931363,8.725435063015606
2008-12-29,8.447671938475144,7.84662215174373,9.037171830950859
2008-12-30,8.2410975883861,7.6094206947178336,8.851375395828649
2008-12-31,8.081550775168038,7.4505749979672045,8.697411311487912
2009-01-01,8.103170901287829,7.511489288933364,8.656173468404559
2009-01-02,8.133283819231371,7.470759834858159,8.76200795925223
2009-01-03,7.918645888061737,7.286615710715091,8.548028894180703
2009-01-04,8.306064636564209,7.706413854231202,8.941559237745537
2009-01-05,8.637321359184892,7.987800462972259,9.309030802315112
2009-01-06,8.43163379794984,7.841223801363788,9.063227265798707
2009-01-07,8.271964763492111,7.613265367418762,8.91462451655273
2009-01-08,8.292642855279908,7.705834578890492,8.937871894908952
2009-01-09,8.321170813126013,7.78788375067205,8.934816591479388
2009-01-10,8.104460154960268,7.4783852466276235,8.690412734949772
2009-01-11,8.48944341277831,7.925197943862595,9.109421285189141
2009-01-12,8.817989610060852,8.21429616691331,9.459744609248402
2009-01-13,8.60936140799763,8.054220498793917,9.229340630648142
2009-01-14,8.44651999558618,7.798200502235911,9.083389192366417
2009-01-15,8.465744052092722,7.823769941315764,9.06635622166849
2009-01-16,8.492438379391922,7.909228437852592,9.160025238250489
2009-01-17,8.273370948653906,7.659630508527226,8.886781183426857
2009-01-18,8.655289567370065,8.009218296894236,9.258659415875169
2009-01-19,8.979843727206834,8.370584599300917,9.617510788664529
2009-01-20,8.76604987247006,8.154092304783095,9.418930704296889
2009-01-21,8.596605920589907,7.950453062877278,9.174291609831913
2009-01-22,8.605521057834745,7.946966310232269,9.2266018534077
2009-01-23,8.619936093405041,8.033377754518908,9.228858154996969
2009-01-24,8.38637267247106,7.77543772719756,8.99947560356817
2009-01-25,8.751362210294733,8.174015942258702,9.385491658521167
2009-01-26,9.056379658721337,8.450290021979669,9.71111020214738
2009-01-27,8.820319934086625,8.19318249601966,9.483431207910744
2009-01-28,8.625822435236541,8.043167735773268,9.252621199491747
2009-01-29,8.606909299349049,7.991662356602016,9.266013439559567
2009-01-30,8.59081234258563,7.951065353259905,9.253474000919015
2009-01-31,8.32422670060284,7.728265907919433,9.000773599361725
2009-02-01,8.653941805913725,8.047639803401996,9.230749089941208
2009-02-02,8.921774656684956,8.371464799907145,9.50323864035986
2009-02-03,8.647043123885432,8.024743470009811,9.299141734199539
2009-02-04,8.412884721829432,7.790193845212701,9.006448927625648
2009-02-05,8.353886566303636,7.742988085681913,8.979885330456577
2009-02-06,8.297901623099438,7.681302093535729,8.931594229708898
2009-02-07,7.99228949399396,7.377623790811963,8.636513055886342
2009-02-08,8.284532679848361,7.6733981923880545,8.934474205683259
2009-02-09,8.517153641119274,7.854870569873683,9.093884713040769
2009-02-10,8.210170821753657,7.561488451213355,8.783273116402796
2009-02-11,7.9473995225951,7.313712655106679,8.58483958931982
2009-02-12,7.864063838733388,7.248011485985694,8.525633840098811
2009-02-13,7.78859526933699,7.153331889370939,8.39490695397201
2009-02-14,7.468856753630778,6.851358957640574,8.106093098657484
2009-02-15,7.752743565613511,7.142094626857359,8.385957572396993
2009-02-16,7.983086852503646,7.3196250336737965,8.60699347945153
2009-02-17,7.68009840553574,7.008979903205149,8.303420243643439
2009-02-18,7.427662916976277,6.8188142618860015,8.053255405494275
2009-02-19,7.360944239260979,6.81447932349295,7.99301669123006
2009-02-20,7.308181480318319,6.68661525687122,7.915370005827816
2009-02-21,7.016913830762147,6.378603289590502,7.62874034634791
2009-02-22,7.334585608761113,6.751419258082791,7.971525650680552
2009-02-23,7.60345726918133,6.994568077373035,8.227290727805434
2009-02-24,7.343060835382353,6.764697077670867,7.980516035947478
2009-02-25,7.136505787793405,6.523629615250887,7.754453749983004
2009-02-26,7.118101620914566,6.467344424242988,7.717011546065619
2009-02-27,7.115172521317761,6.4847542052244584,7.766709309392002
2009-02-28,6.874302613322624,6.295314760360748,7.493431308617838
2009-03-01,7.241962753179122,6.610245228983777,7.808018764765468
2009-03-02,7.55944407076713,6.9208587356165765,8.191716147381886
2009-03-03,7.34533614153613,6.752040779088831,8.003224168334006
2009-03-04,7.18185523476483,6.571979579872547,7.842747911369215
2009-03-05,7.202488265149695,6.58267401054947,7.855061553762984
2009-03-06,7.233827335340251,6.69274531286997,7.888917092365239
2009-03-07,7.021832786274604,6.403240141725037,7.639588405474591
2009-03-08,7.412475256311228,6.817710642400313,8.088676936931222
2009-03-09,7.7466815317662485,7.102822826335714,8.3199873587616
2009-03-10,7.542821730421326,6.946164029465428,8.182203056242708
2009-03-11,7.383043007966715,6.817346567981571,8.006177025832427
2009-03-12,7.4009152508173415,6.758884289552508,8.02984284101039
2009-03-13,7.423263576901922,6.799997703724508,8.055620204220926
2009-03-14,7.196425595084928,6.539492807196769,7.830475943917642
2009-03-15,7.566884057501488,6.944945713996713,8.167399170945403
2009-03-16,7.876199916940468,7.285573899347376,8.489832973801299
2009-03-17,7.6434836508599275,7.068903987498338,8.282820986932009
2009-03-18,7.451710444113567,6.827703915166599,8.062625507938463
2009-03-19,7.435345167493503,6.786860182594801,8.004674019176894
2009-03-20,7.422152506247287,6.771930493139393,8.0240422912148
2009-03-21,7.159430766465762,6.5239738963415155,7.7786170999717745
2009-03-22,7.494620600019311,6.9105666001005615,8.101234477362436
2009-03-23,7.770214279419124,7.109745220094229,8.381919127228535
2009-03-24,7.506203999576417,6.907060908143559,8.099842355135575
2009-03-25,7.286375393444738,6.7242393109595975,7.911767011675192
2009-03-26,7.245912757098987,6.65904494741081,7.881254668097946
2009-03-27,7.213191845252609,6.5602749254252215,7.847461341127267
2009-03-28,6.935999206816775,6.300123109905273,7.5595742653087425
2009-03-29,7.262129665849623,6.675870585581665,7.901723127257292
2009-03-30,7.534287857250687,6.942729098198046,8.12652238151648
2009-03-31,7.272532478092432,6.650720952259646,7.891856512755695
2009-04-01,7.060569526797845,6.489627328550005,7.621668317907829
2009-04-02,7.033361010129515,6.45491697127912,7.663883579390268
2009-04-03,7.018924863485806,6.399542404943733,7.609263035113866
2009-04-04,6.76456484210708,6.149064376292183,7.371213002015171
2009-04-05,7.117481686243941,6.524930935401274,7.769910872094201
2009-04-06,7.419691085649192,6.802120310900961,8.03734915744841
2009-04-07,7.190486649442944,6.576578730148556,7.8175102482345595
2009-04-08,7.012753640573226,6.426300939945278,7.6376001065225125
2009-04-09,7.020599398015431,6.3618114493233495,7.578953475807967
2009-04-10,7.041175606954735,6.44452090749149,7.6393560241951
2009-04-11,6.820930576992939,6.151903339422296,7.495596054060877
2009-04-12,7.206242237953094,6.585560750479044,7.814910070009537
2009-04-13,7.5383568054053685,6.900248750836524,8.143124483563499
2009-04-14,7.335870784499049,6.757614024684312,7.898781770129469
2009-04-15,7.18106158401147,6.524934643447382,7.767366024278659
2009-04-16,7.2075322396448325,6.592526020655901,7.845183263383141
2009-04-17,7.242045056845481,6.646894170127066,7.882945102566411
2009-04-18,7.030782066310771,6.432197148505749,7.6713502810603735
2009-04-19,7.419982825716882,6.830129466873717,8.040288293496154
2009-04-20,7.75088443479631,7.097928946674526,8.38847449203808
2009-04-21,7.54220144625779,6.900071123209054,8.14111358270966
2009-04-22,7.3764510495221005,6.760741445274427,8.030460847057713
2009-04-23,7.38758922245919,6.775879185403138,8.008067097755386
2009-04-24,7.4028329410649505,6.778960677596319,8.03403995910266
2009-04-25,7.168906695035736,6.474697236674433,7.7468799465631015
2009-04-26,7.532664260750029,6.914286095861956,8.202463829124644
2009-04-27,7.8360110714618845,7.189761618699183,8.429239211830712
2009-04-28,7.59836537428551,6.986839691412088,8.217039353542289
2009-04-29,7.402964084310001,6.765550100777134,8.018446260674873
2009-04-30,7.3844795715643805,6.71809242184819,8.00673360385097
2009-05-01,7.370823004486479,6.7928960288298095,7.995530399920511
2009-05-02,7.109373009660366,6.4834707300366095,7.723511947680787
2009-05-03,7.447581075094972,6.84061029154248,8.056595226622402
2009-05-04,7.727879463553123,7.132110732704165,8.337372459831512
2009-05-05,7.470130191821873,6.835339842341747,8.122308877227999
2009-05-06,7.25792128248046,6.633682222762637,7.857370262955397
2009-05-07,7.22617674265741,6.6135144940400705,7.830766133541317
2009-05-08,7.20295602947219,6.558564235078421,7.7928271938812985
2009-05-09,6.935681812588317,6.32674192228861,7.521076756760526
2009-05-10,7.271747426112035,6.68676056220001,7.8671866291732595
2009-05-11,7.553429657846513,6.935206445773943,8.134206109839054
2009-05-12,7.300345234423438,6.647756467872545,7.932206402540787
2009-05-13,7.0957569394157725,6.526950056952906,7.726979439444106
2009-05-14,7.074195486239187,6.487017289764355,7.690767780094763
2009-05-15,7.063272520156867,6.436063837607931,7.677478912459492
2009-05-16,6.809923133661142,6.2002962829531585,7.40027876755491
2009-05-17,7.161028833561955,6.539346803315975,7.791196742288867
2009-05-18,7.458346139770016,6.8324920713693675,8.137058811484321
2009-05-19,7.220978706006111,6.653837503267205,7.851890360310189
2009-05-20,7.031698444781792,6.403658451672188,7.6213260821951305
2009-05-21,7.024581350273761,6.3856842462816825,7.6851236024702905
2009-05-22,7.026833004126758,6.38878470974045,7.588752839271482
2009-05-23,6.785041808898672,6.169561908293982,7.408669961926135
2009-05-24,7.145810607002213,6.514423612259729,7.793321459933924
2009-05-25,7.450691651156502,6.7924362807222725,8.05133314421908
2009-05-26,7.218662674510368,6.595512382551261,7.845762766822913
2009-05-27,7.032449475752171,6.451431081989676,7.643451897540031
2009-05-28,7.026160721793065,6.35419273578039,7.667417103255641
2009-05-29,7.027110036583909,6.430831881805692,7.601609976636158
2009-05-30,6.78206357529855,6.189345605140689,7.383505620443138
2009-05-31,7.137863961577078,6.494364851210565,7.736110271036066
2009-06-01,7.436355831392791,6.842222007770742,8.017349472594205
2009-06-02,7.196851057780023,6.5923097015512155,7.780655849162406
2009-06-03,7.0024394357026525,6.325037184735271,7.628008243433456
2009-06-04,6.987610919974041,6.374145571869266,7.592805272122034
2009-06-05,6.980064889098113,6.368220643246592,7.6398471314629095
2009-06-06,6.726945040095587,6.129927091728487,7.32268919811748
2009-06-07,7.075451186815187,6.443687133301917,7.653755935251282
2009-06-08,7.367753577130843,6.743681382508175,8.02408651253019
2009-06-09,7.123448140914465,6.514554564323839,7.763729072747207
2009-06-10,6.925858741595097,6.324576542750976,7.545016080131253
2009-06-11,6.909652764973519,6.285295441130304,7.533093622420427
2009-06-12,6.902645699430392,6.259582076873552,7.495513001692179
2009-06-13,6.6520334293167345,6.099020224622543,7.268215911384175
2009-06-14,7.005003563381892,6.3675833244787166,7.5863283368534455
2009-06-15,7.3036513947918005,6.677219234220844,7.908699245078632
2009-06-16,7.067438818900761,6.469692784594425,7.645979105169383
2009-06-17,6.879502132424502,6.225743782661143,7.438317183318719
2009-06-18,6.874274840309861,6.255568762607112,7.49692998858464
2009-06-19,6.879300866071235,6.262527244195236,7.483754199597513
2009-06-20,6.641476586576243,5.951731011673931,7.2739363224833316
2009-06-21,7.007672679810654,6.364492379445727,7.597087117695147
2009-06-22,7.319661027183424,6.689793933471644,7.946858335584988
2009-06-23,7.096584631313684,6.480916357871473,7.703294846652067
2009-06-24,6.921276109170066,6.29592048868724,7.535197802766077
2009-06-25,6.92789053617665,6.2472802440011135,7.500470603095983
2009-06-26,6.943727710470515,6.3236825854395695,7.550464690717458
2009-06-27,6.715481966184446,6.048512303908465,7.326305994033378
2009-06-28,7.089870275752645,6.5033417202249835,7.721498281303035
2009-06-29,7.408563685602897,6.776785043404003,8.04387681179053
2009-06-30,7.190659906375472,6.5928671021972045,7.799645988917882
2009-07-01,7.019002539442224,6.319104058304776,7.629163857421415
2009-07-02,7.027812701142941,6.389530853685457,7.647082260673843
2009-07-03,7.044508163993947,6.445545883622237,7.712456159504581
2009-07-04,6.815948256210694,6.242744197110222,7.465669721428673
2009-07-05,7.189055430720392,6.553921372064777,7.799957358381893
2009-07-06,7.5057387722946824,6.909781720864302,8.110894506800838
2009-07-07,7.2853575340188454,6.6681494183961565,7.932805061482964
2009-07-08,7.111030492032008,6.460435611475012,7.708516692645564
2009-07-09,7.117257214305881,6.490432892120008,7.768254627186183
2009-07-10,7.131726713498355,6.461961276825359,7.711928875089007
2009-07-11,6.9015520811218725,6.282203162826658,7.515241645382937
2009-07-12,7.273882363781794,6.657494322612208,7.850693058143136
2009-07-13,7.590817282055951,6.991927988380226,8.21648148157705
2009-07-14,7.371863186824955,6.767904882814788,8.006726813850575
2009-07-15,7.20023630730791,6.648473461269266,7.830553402636206
2009-07-16,7.210479604980347,6.612462887268484,7.85132121093843
2009-07-17,7.230268867614728,6.617607651305683,7.837020745589977
2009-07-18,7.006646745168765,6.433972201791536,7.607418952177955
2009-07-19,7.386636029337372,6.774247498511265,7.943435204273227
2009-07-20,7.712110311534221,7.100667072120845,8.325366827576248
2009-07-21,7.502397533945699,6.91406310049137,8.125232436468549
2009-07-22,7.340447919270893,6.7050982603665075,8.001748448466492
2009-07-23,7.360506801389314,6.7670170185420595,7.946761241280966
2009-07-24,7.3899305213275,6.755385409336623,7.953233503554291
2009-07-25,7.1754312268525355,6.539173810532909,7.818874124321727
2009-07-26,7.563701537659482,6.919686313881259,8.16020010857535
2009-07-27,7.89634428858739,7.279086563831396,8.523937256616922
2009-07-28,7.692345279762522,7.05584945853423,8.301133567868648
2009-07-29,7.534394558411198,6.89006841051113,8.142205861410208
2009-07-30,7.55652196963382,6.916322295973529,8.171628970692076
2009-07-31,7.585922003962771,6.940231837436351,8.179767798208202
2009-08-01,7.3692060264484045,6.779643288175909,7.992701252554368
2009-08-02,7.753032580880803,7.141481455987054,8.352692349773216
2009-08-03,8.079040765575755,7.4340277876727034,8.73665006843137
2009-08-04,7.866324453291037,7.300983823347553,8.494471785068322
2009-08-05,7.697752788876591,7.054760210241861,8.292283494093537
2009-08-06,7.707602679620406,7.065193602712095,8.38988914148009
2009-08-07,7.72337835409831,7.147219738013911,8.352548619934483
2009-08-08,7.492056191934495,6.854653913936697,8.124810468260673
2009-08-09,7.860705702697336,7.226112346502846,8.50947009225312
2009-08-10,8.171411897061141,7.540565216397275,8.855739618682492
2009-08-11,7.943737124890327,7.362112023148174,8.623110025607668
2009-08-12,7.7610281627419875,7.168830527365564,8.349926074746337
2009-08-13,7.758034651557725,7.154414150704552,8.352334549367454
2009-08-14,7.76271437172608,7.104940236678948,8.35258489810754
2009-08-15,7.52246398289597,6.942817161009506,8.146675652980617
2009-08-16,7.884726532624391,7.300794338152122,8.519545006781298
2009-08-17,8.191901391020494,7.569143134213232,8.782365423266647
2009-08-18,7.963795075666256,7.354592201686328,8.536477928759476
2009-08-19,7.783919102654857,7.139117795521324,8.364997005071597
2009-08-20,7.78710127053642,7.214284917707438,8.391066593273587
2009-08-21,7.801286113494397,7.193417109487967,8.439704028419662
2009-08-22,7.5737633352505505,6.990287041209929,8.179344941505521
2009-08-23,7.9517756407404105,7.361626694578161,8.54364531230893
2009-08-24,8.277431660327066,7.689064086302468,8.851766974557169
2009-08-25,8.07016239116539,7.477271611203778,8.687344366092706
2009-08-26,7.9130271748781515,7.26282359584565,8.581568351927778
2009-08-27,7.940335427245653,7.28635992069878,8.542392612619617
2009-08-28,7.97945959551081,7.376926146156989,8.588732730456293
2009-08-29,7.777077831308097,7.163803357523001,8.41332191116748
2009-08-30,8.179797418766054,7.497190507423291,8.756187216391531
2009-08-31,8.529084231489726,7.899768209882853,9.16551773118544
2009-09-01,8.343736190163918,7.767052188438401,8.952400947253542
2009-09-02,8.206206268052467,7.6253647622672025,8.850931405813629
2009-09-03,8.250240782688232,7.650795561969436,8.91292609891551
2009-09-04,8.302707980059145,7.6597022932767596,8.869743687424728
2009-09-05,8.1098549517864,7.446003591629218,8.665205991815265
2009-09-06,8.517943512082377,7.895528769091163,9.10852637462363
2009-09-07,8.86818994236024,8.274328553681944,9.465362100431227
2009-09-08,8.679246267171226,8.024867192266957,9.301183300467727
2009-09-09,8.533528367673414,7.925594152215442,9.171275051292637
2009-09-10,8.564856504290288,7.943031146203628,9.150120954054014
2009-09-11,8.60028316789223,8.016243824633058,9.218419856852245
2009-09-12,8.386346295710453,7.82239179846441,9.01313895923776
2009-09-13,8.769698557857026,8.135804527339529,9.40025085787814
2009-09-14,9.092037783005983,8.428650764284377,9.725970380162012
2009-09-15,8.872576425101322,8.249043082930392,9.523719561945525
2009-09-16,8.69435568670956,8.072691436673406,9.326155202407318
2009-09-17,8.691870242794323,8.081323612860713,9.346981587397183
2009-09-18,8.69287890895468,8.055362671301657,9.321162210583783
2009-09-19,8.444639755730126,7.81524395759133,9.046810588141927
2009-09-20,8.794520867985232,8.218544171485956,9.43798441089609
2009-09-21,9.084912324924831,8.451416670156878,9.672968632899519
2009-09-22,8.835677809164727,8.168123416765546,9.452418659491647
2009-09-24,8.604249823831472,7.99496908484828,9.22571842971246
2009-09-28,8.942485653929218,8.341064995541078,9.557379008262886
2009-09-29,8.690435822650707,7.9943532573318326,9.306859591467832
2009-09-30,8.486706618015678,7.845189007752652,9.12088219321417
2009-10-01,8.466098171702361,7.848828693435539,9.099508575902831
2009-10-02,8.456486060173823,7.8767845793562055,9.122485195516555
2009-10-03,8.205054909314562,7.580206226467503,8.860735743126456
2009-10-04,8.55891277722105,8.012562113847807,9.174286067956551
2009-10-05,8.860011784518612,8.269147813527738,9.48690435307703
2009-10-06,8.627613154253329,8.01918412390478,9.241796295004091
2009-10-07,8.444602389148868,7.782499453492323,9.04284858778016
2009-10-08,8.44512049072879,7.869425393616604,9.040586966171405
2009-10-09,8.456386374727254,7.810395396766016,9.050179647978563
2009-10-10,8.224948649572038,7.628103785148033,8.890265761252612
2009-10-11,8.597317486314418,7.962757313872301,9.18818161494417
2009-10-12,8.914901562278574,8.290196986778124,9.533546838460678
2009-10-13,8.696487787600763,8.03615034278404,9.275021019696107
2009-10-17,8.318333709532405,7.751633393448993,8.914460308594053
2009-10-18,8.688236506460791,8.049942992416431,9.313672230280417
2009-10-19,8.999988753307193,8.401771107097897,9.575828406424915
2009-10-20,8.77259284562591,8.147134333051588,9.377681372271308
2009-10-21,8.588850901435181,8.013136470388714,9.191402761997015
2009-10-22,8.582996568973899,7.958716578876555,9.209971659191721
2009-10-23,8.58251303442552,7.951898507281389,9.191708545316974
2009-10-24,8.33437554595178,7.705383984788667,8.931283105597364
2009-10-25,8.68566946872578,8.098556326464337,9.269658402273706
2009-10-26,8.978509267810256,8.306039856449878,9.573019945017515
2009-10-27,8.731473168973027,8.084700044053493,9.342546772477155
2009-10-28,8.528976898765807,7.927763155082419,9.109016135084387
2009-10-29,8.505817877702762,7.875062323361761,9.113720573337396
2009-10-30,8.490000413269353,7.886730712351751,9.110280693362043
2009-10-31,8.228963222253157,7.632037183858669,8.873232745554995
2009-11-01,8.57018420892075,7.928771020788827,9.177522864042425
2009-11-02,8.856088266828786,8.212481883955983,9.467464131071438
2009-11-03,8.606496653290272,7.992144492024274,9.200620156726565
2009-11-04,8.404924128511999,7.760313030733631,8.994627186572965
2009-11-05,8.386190291994888,7.713652238723067,9.006043256145615
2009-11-06,8.378220847318445,7.73813473321985,8.971200075643287
2009-11-07,8.128277571004476,7.4921013580142395,8.789643031096544
2009-11-08,8.483568337559348,7.853347605785979,9.076272482731307
2009-11-09,8.786162803902045,8.200800615321187,9.396108374807843
2009-11-10,8.555452062967998,7.902000816996827,9.21447525174621
2009-11-11,8.374458151837356,7.7549094577005135,8.988766987964926
2009-11-12,8.377459482150813,7.755314444116848,9.029460306562331
2009-11-13,8.391807511685597,7.778191158256789,9.013545992437075
2009-11-14,8.164172985370742,7.5037150972968405,8.807577255651301
2009-11-16,8.864301416027589,8.260864352167209,9.454660049500324
2009-11-17,8.652408259477587,8.04350920997776,9.265361747428049
2009-11-18,8.488020536456423,7.90773540640102,9.124429932412939
2009-11-19,8.504983116281345,7.845610158104161,9.164055137150015
2009-11-20,8.530286819263617,7.9314886497217225,9.164770899795895
2009-11-21,8.310324316916306,7.767802295728182,8.949405317909608
2009-11-23,9.015287429380887,8.397478844562684,9.632839284529293
2009-11-24,8.800466062246691,8.16930813187729,9.42995123408433
2009-11-25,8.629686039846932,8.012545680710222,9.272420313344478
2009-11-26,8.636983340664333,8.060401219432743,9.294694529874237
2009-11-27,8.649626395611712,8.033935289155549,9.300991728062986
2009-11-28,8.414363688467283,7.768881249118287,9.0540886938151
2009-11-29,8.778047323647357,8.156097209322818,9.418069794681692
2009-11-30,9.082557818394426,8.475924173325929,9.740974919096239
2009-12-01,8.847268212704607,8.176204753578507,9.492320479745606
2009-12-02,8.655353300613525,8.01715173569451,9.280125276403366
2009-12-03,8.64141010477536,7.992666007416944,9.25121122429706
2009-12-04,8.633265100494604,8.067736927377629,9.256539902206793
2009-12-05,8.378206831102586,7.766730302441397,9.013380117333623
2009-12-06,8.723595226942866,8.103586420111629,9.344189148625679
2009-12-07,9.011773285298817,8.384313705040453,9.618358564699882
2009-12-08,8.762519566524956,8.125725113297914,9.4093083155076
2009-12-09,8.559347623168222,7.954534558408241,9.204112888752645
2009-12-10,8.537118739612787,7.911317416770646,9.188458915712935
2009-12-11,8.5238436792539,7.921351335174581,9.164915807871642
2009-12-12,8.266912202198702,7.639278161858417,8.913359534717724
2009-12-13,8.613701714098754,8.018280173610867,9.24676203070705
2009-12-14,8.906490678344413,8.300438836267604,9.527658378112747
2009-12-15,8.664915149777372,8.078881491181695,9.330245336745778
2009-12-16,8.47227438134045,7.889489180401726,9.129211132592536
2009-12-17,8.46315165317562,7.83964629264313,9.088443395911355
2009-12-18,8.465225738203985,7.837463527932822,9.10042480954011
2009-12-19,8.225511438358836,7.602074211571887,8.888192616462014
2009-12-20,8.590980188035083,7.972740563421968,9.211954772796295
2009-12-21,8.90348596921927,8.312851726114312,9.503325663020416
2009-12-22,8.682234497257083,8.04518609657727,9.291383610758686
2009-12-23,8.510101230477522,7.852629975024433,9.107827662264873
2009-12-24,8.52126396844241,7.909470154346818,9.158121740598245
2009-12-25,8.543025093448772,7.898026603343099,9.15472884711192
2009-12-26,8.322061566478771,7.6574070814701205,8.952106729054703
2009-12-27,8.705053397484487,8.070809656104334,9.336572745411262
2009-12-28,9.033615612517782,8.39613141370733,9.661677068515658
2009-12-29,8.826771516072542,8.212151146942519,9.406889854841973
2009-12-30,8.667272707350081,8.081940444042278,9.27458129278363
2009-12-31,8.68923158946261,8.074587111440797,9.297084232447077
2010-01-01,8.719941469590877,8.147148371414554,9.30239608373908
2010-01-02,8.506122472204707,7.866285192432662,9.066167956793112
2010-01-03,8.89454415976699,8.282296413118718,9.536136269802189
2010-01-04,9.226950115807764,8.562761844334263,9.818005549219833
2010-01-05,9.0225225712162,8.406109303806755,9.668322717162376
2010-01-06,8.864192855951929,8.274858631570643,9.485092617686163
2010-01-07,8.886263768928579,8.255738682657631,9.485164700565676
2010-01-08,8.916219336785428,8.287281352304525,9.571412568699397
2010-01-09,8.700960563007374,8.107044526206884,9.324411742233425
2010-01-10,9.087418435529436,8.475597511777902,9.725270242822546
2010-01-11,9.417469803536562,8.779069218308166,10.051864081998273
2010-01-12,9.210394530522953,8.635657523734235,9.840718335614381
2010-01-13,9.049179991607726,8.43376652043244,9.667850279312574
2010-01-14,9.06813924364642,8.403797869023801,9.633621272332405
2010-01-15,9.094718516584079,8.443033840371205,9.697268828417313
2010-01-16,8.875732740898176,8.245253742881811,9.479536113603496
2010-01-17,9.257980424080344,8.654854007820521,9.899418975350917
2010-01-18,9.58316346093658,8.9808767234011,10.20386667694725
2010-01-19,9.370350188237282,8.766121534762057,9.931599098511477
2010-01-20,9.202287586836754,8.623954514215356,9.83314099155313
2010-01-21,9.213028731139715,8.617557522599009,9.850919147008694
2010-01-22,9.22975084840836,8.637622686969191,9.874314726290534
2010-01-25,9.676210324011452,9.070449891174613,10.31253878350857
2010-01-26,9.444525892724311,8.82734145304213,10.102726474420141
2010-01-27,9.25488781613258,8.608494906377068,9.844505673167873
2010-01-28,9.241274038431792,8.67350531272715,9.878001067823073
2010-01-29,9.23085617443902,8.630338214958847,9.845254807774422
2010-01-30,8.970253642638838,8.340292641212681,9.576752652163746
2010-01-31,9.306165634392526,8.671053765709651,9.963581756115536
2010-02-01,9.579262202916487,8.951082083771086,10.216409672412167
2010-02-02,9.309790486617846,8.733594329477286,9.963018861320835
2010-02-03,9.080764860554035,8.479123643210754,9.680976928357635
2010-02-04,9.0266432745313,8.467251333908887,9.64577013202183
2010-02-05,8.975146518438317,8.35704249783686,9.596003849002598
2010-02-06,8.673502242929876,8.030194459051701,9.306043282009465
2010-02-07,8.969064588978343,8.360319801647828,9.604401712132765
2010-02-09,8.898919868688356,8.32553016201187,9.511790132419552
2010-02-10,8.636838063952956,8.004272829766547,9.227391283449819
2010-02-11,8.553132366443071,7.9294632033834365,9.166449317331956
2010-02-12,8.47617242441366,7.818855094911348,9.119857314482122
2010-02-13,8.15378064698687,7.5800121077134754,8.799867513939795
2010-02-14,8.433834814529733,7.8439176196120854,9.080924388041392
2010-02-15,8.659172786591549,8.030781206373073,9.325086288160433
2010-02-16,8.350037851050434,7.729483513543316,8.95304326127627
2010-02-17,8.090370938983986,7.4405783855098,8.709062769443676
2010-02-18,8.01541620849573,7.41006703002007,8.590489864645836
2010-02-19,7.953515836113654,7.323281920063951,8.560976294632676
2010-02-20,7.652332933426829,7.037407799021794,8.301866451394465
2010-02-21,7.959454113718256,7.344925628655752,8.554202831378625
2010-02-22,8.217297510321236,7.5901967100877545,8.780650972425908
2010-02-24,7.727543173233309,7.100224912324805,8.328740044152145
2010-02-25,7.6977240826615825,7.072194039524172,8.298295684980515
2010-02-26,7.683613448296524,7.053092834676843,8.341744909456539
2010-02-27,7.431972750460887,6.8723556725552495,8.01239899565007
2010-02-28,7.789441576284649,7.149752792620409,8.374484670849762
2010-03-01,8.097467104582366,7.492426942215425,8.727047945897352
2010-03-02,7.8747784940684,7.24085022520597,8.475417424653466
2010-03-03,7.70371172200068,7.096162658662962,8.318598897210817
2010-03-04,7.717850592263017,7.11876412811358,8.352695431925492
2010-03-05,7.743858880817981,7.1600806799806325,8.42538542992703
2010-03-06,7.527741601808596,6.939813882262101,8.131609721725173
2010-03-07,7.915485945904618,7.309843344730666,8.51168376014985
2010-03-08,8.24800670678134,7.62642972849137,8.886377467844929
2010-03-09,8.04363375231427,7.436729862692937,8.630430940602283
2010-03-10,7.8844467265799665,7.275212079753236,8.52008087665771
2010-03-11,7.903922423529206,7.253016440627355,8.51263734470771
2010-03-12,7.92876961296506,7.261275298454894,8.534933315779265
2010-03-13,7.705189211385345,7.10463487192516,8.327398716993265
2010-03-14,8.07951035806573,7.467252921554038,8.718985253656813
2010-03-15,8.393127320870448,7.800414073937529,9.043405642304148
2010-03-16,8.164974994298678,7.545991406492462,8.819198282568513
2010-03-17,7.977848473915782,7.388219574152932,8.589347409627036
2010-03-18,7.966032530553781,7.344064957732251,8.578901780541267
2010-03-19,7.957116221799461,7.3349152365622645,8.65056353337965
2010-03-20,7.698231052434492,7.10330172309884,8.28955015518042
2010-03-21,8.036663811688838,7.37434681834272,8.6857232891923
2010-03-22,8.314769612413086,7.713184448745333,8.967766689778472
2010-03-23,8.052423512247296,7.459247743227739,8.700538735039832
2010-03-24,7.833316818882294,7.2097160548895864,8.484761257798716
2010-03-25,7.792564504336123,7.179892591405658,8.363328556895055
2010-03-26,7.758499534794796,7.147110062736192,8.321250491355883
2010-03-27,7.478893048765964,6.880722357747443,8.074157347895142
2010-03-28,7.801551970581377,7.196550206297959,8.419182474530013
2010-03-29,8.069219969278853,7.421849501213492,8.645866336756788
2010-03-30,7.8020204433821645,7.1696182810248965,8.410023453621646
2010-03-31,7.583747841650894,6.985838735933527,8.258113486088355
2010-04-01,7.549473854913292,6.9174126892285726,8.200966688900783
2010-04-02,7.527344295192107,6.924288710613646,8.172469592865948
2010-04-03,7.264805504108974,6.637255143678319,7.851803586361822
2010-04-04,7.609211689259578,6.986176231693819,8.190284630482974
2010-04-05,7.902738818146343,7.277954130520747,8.518989032052046
2010-04-06,7.664843385696031,7.082301546829231,8.311577293729792
2010-04-07,7.47857192715537,6.817943346551913,8.14668817191
2010-04-08,7.478187311772264,6.875677800653764,8.108096814863817
2010-04-09,7.490987086175199,6.853048020617691,8.137460379364772
2010-04-10,7.263552129816101,6.640307401559559,7.872934129270336
2010-04-11,7.642376425144175,7.039263666722779,8.270842603738119
2010-04-12,7.968802976072672,7.407747660176076,8.59961939244972
2010-04-13,7.76150361096753,7.1879667483786625,8.364862401593907
2010-04-14,7.602807994157919,7.006649611601363,8.172150010887936
2010-04-15,7.626347380235526,6.968404301175597,8.212942428047048
2010-04-16,7.658887939027595,7.019910202826288,8.287440069992352
2010-04-17,7.446591544180135,6.78916801203107,8.033713642046258
2010-04-18,7.835654539791177,7.254802271957573,8.442337531509395
2010-04-19,8.167249318778216,7.6005314620627535,8.792745216938476
2010-04-20,7.960006342366535,7.354472807601523,8.575895351079964
2010-04-21,7.7963419130058424,7.172555132517291,8.422352832592797
2010-04-22,7.810097317701363,7.209775782328507,8.433577062938971
2010-04-23,7.828364343661588,7.25108978415526,8.382018786355525
2010-04-24,7.5977353186508685,6.971158872922205,8.215342861816966
2010-04-25,7.964928527283678,7.342382264193317,8.577696423397272
2010-04-26,8.27171424088719,7.614789588082958,8.846422615395275
2010-04-27,8.037379449395953,7.404947772196715,8.629668925126683
2010-04-28,7.845037108329972,7.223975958851032,8.463761960708423
2010-04-29,7.829246045850047,7.203692623862904,8.442884048625084
2010-04-30,7.817817071850242,7.221913188973029,8.418174194729568
2010-05-01,7.558043978373583,6.934285132016136,8.17937048089043
2010-05-02,7.897310801236523,7.30278506207465,8.510821081086158
2010-05-03,8.178001066524159,7.588473945281694,8.766313482709032
2010-05-04,7.91994755053009,7.298394430348197,8.52211562512531
2010-05-05,7.706728748583567,7.134457111980977,8.306691545657678
2010-05-06,7.673278512271806,7.051569503060396,8.268467143029044
2010-05-07,7.647684636205409,7.06957356178207,8.263701534181633
2010-05-08,7.377415238353716,6.739261795494507,8.012009856540292
2010-05-09,7.70992438062948,7.096961005070299,8.285712153157263
2010-05-10,7.9875626349960545,7.385221059045284,8.558712660425659
2010-05-11,7.73003102803196,7.0953472843826315,8.329304502219053
2010-05-12,7.520684380713792,6.889741899873604,8.109923504614356
2010-05-13,7.494150250746952,6.862624594927164,8.103376404098386
2010-05-14,7.4781389403303296,6.8868574560982525,8.071321334458911
2010-05-15,7.219683042421255,6.6123618769281975,7.826376202815808
2010-05-16,7.565757550381835,6.946388239977977,8.156549553886922
2010-05-17,7.858205792715299,7.274862506814279,8.45000328254266
2010-05-18,7.616209157702314,6.977349766186821,8.254559562726039
2010-05-19,7.422606155644465,6.805151409249785,8.06282676503281
2010-05-20,7.411526566634835,6.817214809537447,8.035996021730119
2010-05-21,7.410215700734132,6.755587900868094,8.019148514141197
2010-05-22,7.165286843526203,6.517959534974502,7.76448800319029
2010-05-23,7.523352559005144,6.94519806529542,8.15392063733655
2010-05-24,7.825959815480499,7.203960066221098,8.426285148411433
2010-05-25,7.5920666681367575,6.969240865925244,8.206174399578392
2010-05-26,7.404365885490862,6.8031068969208155,8.040551236121809
2010-05-27,7.396921181745615,6.798747130560876,7.977931544880362
2010-05-28,7.3969910718861005,6.7866708812231655,8.029971233816203
2010-05-29,7.151278487654109,6.579806640369815,7.758364191703095
2010-05-30,7.506556963568664,6.900010258815384,8.098369209691095
2010-05-31,7.8045985628334655,7.168907902020533,8.418914934832957
2010-06-01,7.564641540681102,6.9975326701064855,8.186622987699325
2010-06-02,7.369703447308314,6.708146645080501,7.998332214215531
2010-06-03,7.354205687932506,6.726776056640014,7.999319681808783
2010-06-04,7.34578494167832,6.728838300304575,7.9450927964556834
2010-06-05,7.09152997943109,6.467750789109595,7.704509072472223
2010-06-06,7.4385950964414445,6.782107151913516,8.064610691971067
2010-06-07,7.729115728237274,7.107776403535975,8.301059709012828
2010-06-08,7.4826646260616325,6.859448261561478,8.090542998032703
2010-06-09,7.282554641177751,6.658129294819421,7.904320447205934
2010-06-10,7.263454440984795,6.6021053588964245,7.875400673790684
2010-06-11,7.253192813336985,6.615044556435109,7.852440982969055
2010-06-12,6.99899029586141,6.413702682353892,7.619637209093122
2010-06-13,7.348069479293484,6.7499735077476135,7.988889137336538
2010-06-14,7.642569619721498,7.016294913201351,8.2819419754728
2010-06-15,7.402003934141043,6.7835231467476795,8.033361223992399
2010-06-16,7.209565559394386,6.599224222463086,7.810481134029917
2010-06-17,7.19974836372543,6.575075638600197,7.813275635898178
2010-06-18,7.200158073905365,6.614489022818156,7.765378976758758
2010-06-19,6.957752208368639,6.3303381862587695,7.581263800560231
2010-06-20,7.319459874281192,6.667434902100614,7.900090230646069
2010-06-21,7.6271067372674946,7.035639506971257,8.221228132776313
2010-06-22,7.3998831875481,6.8152181173721615,8.019734866288871
2010-06-23,7.220661318826044,6.611686759997861,7.770889429611188
2010-06-24,7.223626543902125,6.592265885295873,7.844870847430993
2010-06-25,7.236098954962141,6.600936613608586,7.8290218362946
2010-06-27,7.376393329179225,6.775207173677087,8.027244981742895
2010-06-29,7.472450311710459,6.8571431912439955,8.093949737825426
2010-06-30,7.298785333699843,6.6476128451604275,7.926311913669416
2010-07-01,7.305777999620741,6.6750605733899535,7.965974205076188
2010-07-02,7.320800898341512,6.719961904714302,7.957331085395371
2010-07-03,7.090663447434539,6.4890025820786645,7.727858966875178
2010-07-04,7.462235332825647,6.799002183484066,8.07763372382135
2010-07-06,7.555380131776661,6.949408452162276,8.143716610361691
2010-07-11,7.533370463422323,6.909528771556371,8.138861548306764
2010-07-12,7.847501351197099,7.258340574677387,8.46679747409679
2010-07-13,7.625488347680554,7.009920468065623,8.23336488424358
2010-07-14,7.450559405574753,6.824154372622209,8.076929422271167
2010-07-15,7.457279963425065,6.880663840363567,8.049784920853995
2010-07-16,7.473358449741432,6.852688791048894,8.082227280899938
2010-07-17,7.245879365844532,6.641039467758441,7.878921952893796
2010-07-18,7.621915276410375,7.002960096292374,8.219197664316114
2010-07-19,7.9434433225647085,7.3012197283221205,8.552466452927005
2010-07-20,7.729804611874558,7.088040401769831,8.362956545966316
2010-07-21,7.5640124451822555,6.921944426154058,8.201259797042425
2010-07-22,7.580375548980079,6.988729367113993,8.172667571451278
2010-07-23,7.606311755101716,6.973892914766682,8.214992781296386
2010-07-24,7.388590595804507,6.805008706558969,8.01121248022201
2010-07-25,7.773955848251202,7.119773351493818,8.391550948450366
2010-07-26,8.104053311133326,7.473922846755074,8.71707541441712
2010-07-27,7.89790180872518,7.278760816289164,8.524916066927446
2010-07-28,7.738213007444786,7.134530431516213,8.370003279630971
2010-07-29,7.759025834524011,7.139338688046257,8.38584586503925
2010-07-30,7.787530569232411,7.153380187286632,8.412441133696136
2010-07-31,7.570320722836952,6.939751175968711,8.174081022857303
2010-08-01,7.9540234201176165,7.339165882899335,8.624754202607885
2010-08-02,8.280233285071903,7.667387630201381,8.877480028767263
2010-08-03,8.06798759625751,7.478899218666744,8.706403410947635
2010-08-04,7.900088124984804,7.2662107768290305,8.485474589538635
2010-08-05,7.910735338138511,7.282014466581168,8.528243945202705
2010-08-06,7.927349996290203,7.2943166604886605,8.557866269058728
2010-08-07,7.696820293680632,7.045174820264263,8.291650536789893
2010-08-08,8.066125353305315,7.485461849684222,8.680073866366667
2010-08-09,8.377260247989962,7.75936013434368,9.018589198980337
2010-08-10,8.149700544639856,7.535230821490451,8.811125417451256
2010-08-11,7.96671207386523,7.333473961606135,8.613952978710078
2010-08-12,7.962971944821467,7.341051933975178,8.619005544636666
2010-08-13,7.966376213525727,7.355371531527124,8.564676070564495
2010-08-14,7.72427275731153,7.079206078124304,8.348866328733022
2010-08-15,8.084070591620645,7.469395845237468,8.71730022300249
2010-08-16,8.388151225750043,7.739549498625005,9.011067747444129
2010-08-17,8.15632047511927,7.525946549606304,8.758360263700157
2010-08-18,7.972106826938212,7.322960523635937,8.583019267032203
2010-08-19,7.970372743688613,7.38408777688318,8.591373454807407
2010-08-20,7.979114631290494,7.342594104520983,8.570590342461058
2010-08-21,7.745690288781033,7.0972977232591195,8.332848010901333
2010-08-22,8.117425276528191,7.49942233849361,8.671563125091408
2010-08-23,8.43652393190654,7.836213231782875,9.035604606065034
2010-08-24,8.222523504537339,7.582096707723559,8.881270584991498
2010-08-25,8.058597489847067,7.460390475314918,8.665430403265198
2010-08-26,8.079174446719291,7.446166514490228,8.653756648815605
2010-08-27,8.111747853448112,7.472618155307703,8.723523068395796
2010-08-28,7.903115574964552,7.265514391598025,8.483691162021593
2010-08-29,8.300000069792624,7.655866844520967,8.90125446033599
2010-08-30,8.643974700772281,8.08132374605725,9.285920124887971
2010-08-31,8.453934210401313,7.853962452411895,9.084704168131289
2010-09-01,8.31241499349369,7.641493304372468,8.921176370148423
2010-09-02,8.35323098453204,7.7336486611586714,8.942209093209934
2010-09-03,8.403300236623869,7.79073475190333,9.054289427851547
2010-09-04,8.208900292424431,7.613484437834536,8.833173508670475
2010-09-05,8.616303021267449,7.952140126697174,9.1766320091838
2010-09-06,8.966713863918596,8.378005971442553,9.600480028276667
2010-09-07,8.778753167164675,8.133858724877765,9.442026367495407
2010-09-08,8.6347849174835,8.04777841366815,9.262829868026301
2010-09-09,8.66855843259368,8.010104381394669,9.235712705629364
2010-09-10,8.707037901969393,8.06730720178877,9.322363490557173
2010-09-11,8.496657769407658,7.899689632273107,9.12963329182292
2010-09-12,8.88395460679541,8.20237179592435,9.53195491236208
2010-09-13,9.21050047878683,8.591263782947172,9.838557240919988
2010-09-14,8.995375621194114,8.37196751935176,9.587392318741763
2010-09-15,8.821485961645738,8.193891237178093,9.427463420764022
2010-09-16,8.823191333650662,8.185362754163535,9.453739467881352
2010-09-17,8.8281196324599,8.201442839411321,9.461126139209691
2010-09-18,8.58340531845506,7.951534964297827,9.217285233612815
2010-09-19,8.936303373592011,8.310877676417523,9.529418539363702
2010-09-20,9.229104198089889,8.592817372193723,9.835727065745033
2010-09-21,8.981587775038358,8.38479225915601,9.618510110391039
2010-09-22,8.777323139485743,8.148351994541684,9.365447252749878
2010-09-23,8.751279499986415,8.116937576780321,9.405979403376156
2010-09-24,8.731624732531463,8.125225880484752,9.319875589681079
2010-09-25,8.465950085413649,7.820147466713729,9.074712776654115
2010-09-26,8.801872582350555,8.19666924738059,9.422229268919079
2010-09-27,9.081940930869674,8.443470209845808,9.71252945920922
2010-09-28,8.826083512303034,8.183358125985247,9.391753532931595
2010-09-29,8.61790466035349,7.971172913541478,9.195292921891223
2010-09-30,8.592295663306865,7.968861316553992,9.181028787816977
2010-10-01,8.5772362111379,7.956110710549706,9.184799950168427
2010-10-02,8.320025041388899,7.7343407737098575,8.95059495856928
2010-10-03,8.667891102838835,8.051570919092688,9.256056695239774
2010-10-04,8.962910796715965,8.317934930513342,9.595520235538393
2010-10-05,8.724469552585361,8.075812799274113,9.303808068439636
2010-10-06,8.535573563678208,7.878580337098084,9.160724861359292
2010-10-07,8.530477682416647,7.905591785869988,9.13529251248078
2010-10-08,8.536504723231689,7.923442582873854,9.156322333667383
2010-10-09,8.30029442601043,7.645533661431025,8.89774533551844
2010-10-10,8.66843288648248,8.023955800772221,9.27857127535599
2010-10-11,8.98238750294921,8.36819255446167,9.541206663066125
2010-10-12,8.760985202985191,8.169263266378978,9.388465788679987
2010-10-13,8.58673931217085,7.980823753086619,9.201548350843069
2010-10-14,8.593490646870762,7.9996450565074175,9.214759591175907
2010-10-15,8.608237715088833,8.042002909895713,9.194656442493635
2010-10-16,8.377393981689645,7.754720364620793,9.025916939981736
2010-10-17,8.747422781491778,8.169132977975147,9.36312177142974
2010-10-18,9.059774787325495,8.426957764348,9.675296417359199
2010-10-19,8.833365738689427,8.222952732701117,9.431490124273608
2010-10-20,8.650899820907808,8.00766401629148,9.267574338921854
2010-10-21,8.646504389374906,8.026389018176571,9.250992281174506
2010-10-22,8.647551116911243,8.032797375208496,9.228570761367866
2010-10-23,8.400901790062578,7.787226453596944,8.989019699232825
2010-10-24,8.753529675110979,8.072299390884638,9.344609673668682
2010-10-25,9.04744175598359,8.45739130482128,9.700845296342418
2010-10-26,8.80213999119356,8.20421592995932,9.512441630085327
2010-10-27,8.60092745480552,7.963101938705703,9.259704987806083
2010-10-28,8.578525551026452,7.940482867230079,9.193925805060458
2010-10-29,8.56287788113348,7.945976362015283,9.191231614818026
2010-10-30,8.301379480574376,7.664356617709655,8.90530961105779
2010-10-31,8.641482816280199,8.00162424990855,9.310786631870535
2010-11-01,8.92560627953894,8.280110145320366,9.534383579153005
2010-11-02,8.673583706359915,8.032675931915604,9.344196633275052
2010-11-03,8.468961115878983,7.867438941528755,9.063730627714424
2010-11-04,8.446607113688568,7.823182563175662,9.079990067264367
2010-11-05,8.43451272063472,7.837750741079645,9.04894436139087
2010-11-06,8.180019446500275,7.587122334896318,8.802031627037538
2010-11-07,8.5304270173208,7.965797689646482,9.159358616859658
2010-11-08,8.827906427428726,8.2171054283119,9.404141569064022
2010-11-09,8.591956703103925,8.002591195657715,9.212156525670316
2010-11-10,8.405711347259679,7.820280459127518,9.017517350879578
2010-11-11,8.40356062139762,7.809059336842358,9.007345166478514
2010-11-12,8.412965074159354,7.768542910513208,9.05612691202285
2010-11-13,8.180698734398621,7.5445524257867875,8.783537759195482
2010-11-14,8.55347293769287,7.90312484806869,9.16008414087428
2010-11-15,8.872865992118893,8.272900395405626,9.47701771812556
2010-11-16,8.65779659297525,8.052968983796328,9.284005108993151
2010-11-17,8.49084648108805,7.8705130678010615,9.061399486568858
2010-11-18,8.505898040890054,7.862427686288643,9.132153079110294
2010-11-19,8.529961817822699,7.942060388983677,9.141855357902028
2010-11-20,8.309431983417086,7.697672352225546,8.979950448322246
2010-11-21,8.690720380057323,8.083514604870329,9.31302974524568
2010-11-22,9.015194075898629,8.41170542009025,9.619564257063795
2010-11-23,8.801654133592708,8.153696171690473,9.402850130537772
2010-11-24,8.632660955722995,7.977257916001673,9.258789415150492
2010-11-25,8.642171850430355,7.989545975194267,9.222905702984507
2010-11-26,8.657365821709917,8.01063347743878,9.257515034888266
2010-11-27,8.424893716285336,7.763016339886242,9.01516064733312
2010-11-28,8.791504536236731,8.161617490480806,9.41754417009609
2010-11-29,9.09897309332438,8.479931816524028,9.676946350962945
2010-11-30,8.866567014631551,8.228911860767573,9.497839673094472
2010-12-01,8.677358819396746,8.091471829614004,9.285480374565795
2010-12-02,8.6658491076314,8.046049614432572,9.292410500137237
2010-12-03,8.659776290146805,8.001784995344828,9.289955083988499
2010-12-04,8.406351432385845,7.836527848116447,9.061994453313858
2010-12-05,8.752869463863359,8.106479715940043,9.360062908288844
2010-12-06,9.041622360864107,8.37981648974152,9.652405457664605
2010-12-07,8.79235272007084,8.152451772058344,9.4116308001206
2010-12-08,8.588553815560054,7.979553351069811,9.230991675053142
2010-12-09,8.565082505998934,7.94175719739002,9.21330019645673
2010-12-10,8.549960692404891,7.926623479093614,9.156899409839253
2010-12-11,8.290604106457177,7.691684067699223,8.88362961775546
2010-12-12,8.634429820061667,8.038517060671895,9.258900192994293
2010-12-13,8.923768150507476,8.304618751986327,9.555871582793841
2010-12-14,8.678317372093458,8.083138780798604,9.318487200469152
2010-12-15,8.48144724729965,7.839897835634813,9.042112148396614
2010-12-16,8.467817595565394,7.809873028791281,9.114681523362222
2010-12-17,8.465187387054517,7.871588057370223,9.12632714238707
2010-12-18,8.220652871338654,7.607000311143653,8.814199217381915
2010-12-19,8.581265813409258,7.945627240275861,9.229456683570424
2010-12-20,8.888957155057446,8.299556156715859,9.498951507765447
2010-12-21,8.663004129556448,8.034184971591769,9.279961571836207
2010-12-22,8.486346445179274,7.876140917736986,9.138317734712837
2010-12-23,8.493217356039056,7.873778190968928,9.103592418383027
2010-12-24,8.510964718332257,7.87521258994834,9.128188777466725
2010-12-25,8.286300175138791,7.6886216585237595,8.905295038788099
2010-12-26,8.665927209101337,8.00089479959288,9.262630982896676
2010-12-27,8.99147309193973,8.403766984766202,9.666669371142579
2010-12-28,8.781962522384008,8.173011457268965,9.399408509525752
2010-12-29,8.620138391631361,8.008216445079931,9.258306599270991
2010-12-30,8.640095383433989,8.034114079929914,9.264395239849222
2010-12-31,8.669101463838453,8.081854866513698,9.271281141840335
2011-01-01,8.453845429906863,7.793252358170976,9.096956349082198
2011-01-02,8.841061351049365,8.183002462296065,9.433822120479041
2011-01-03,9.172455091029224,8.520709122306696,9.777953037492919
2011-01-04,8.967170920781268,8.343212962254672,9.59804362866369
2011-01-05,8.808103931931164,8.191954556273958,9.406130177416777
2011-01-06,8.82952427227338,8.187182636975164,9.438081896836339
2011-01-07,8.858888605482289,8.259895309586405,9.45886428141435
2011-01-08,8.64307733344635,7.997807381108967,9.277470233638274
2011-01-09,9.029008793715551,8.388969143031035,9.632630085703491
2011-01-10,9.3585559963881,8.749253285346963,9.972107036922079
2011-01-11,9.151004272022831,8.501504044812847,9.801994342702635
2011-01-12,8.989355875110407,8.363232189000104,9.598190970191776
2011-01-13,9.007947861244137,8.378162010064704,9.641315424769617
2011-01-14,9.034258889348743,8.412935550534382,9.641877809911573
2011-01-15,8.815143680276002,8.192475180946333,9.454852631874424
2011-01-16,9.19744647420715,8.60956446102714,9.853008290032747
2011-01-17,9.522919113425809,8.895419364689849,10.155249766834842
2011-01-18,9.310682113897867,8.676792993551983,9.901291943213
2011-01-19,9.14353469115163,8.539710948795117,9.7673719335191
2011-01-20,9.155579910492907,8.560166639663889,9.76114577004339
2011-01-21,9.174040399654503,8.559784144672781,9.826506216592698
2011-01-22,8.945503082832834,8.324408268367746,9.527474677921816
2011-01-23,9.316543955075282,8.680927103123363,9.923860699286816
2011-01-24,9.62865815862827,9.02995956112041,10.233410153631306
2011-01-25,9.40073332927007,8.809944692221002,10.050482665466417
2011-01-26,9.215371764456453,8.58095047999974,9.819896435237656
2011-01-27,9.206527164104335,8.568587126640425,9.86487307721847
2011-01-28,9.201330970668836,8.549244571271597,9.80253243374382
2011-01-29,8.946346376756075,8.354676272181088,9.524616568964579
2011-01-30,9.288200661943936,8.646348525729056,9.863907436645603
2011-01-31,9.568520808271934,8.948051299218296,10.192484406999032
2011-02-01,9.306410105967982,8.67280006707629,9.919272082153736
2011-02-02,9.084771109408855,8.492544908086085,9.720511116009096
2011-02-03,9.037940574103875,8.431816430482423,9.694153459980573
2011-02-04,8.993511358114871,8.39739761602327,9.665554716554297
2011-02-05,8.698579392515885,8.10671013292698,9.302210634056568
2011-02-06,9.000366498967383,8.390658480885085,9.579398528898071
2011-02-07,9.24114419830796,8.626576627579233,9.856943389286096
2011-02-08,8.940696489909675,8.323561844616929,9.570809431786811
2011-02-09,8.682627297060147,8.029076548381514,9.279233662848126
2011-02-10,8.60197860289281,7.956754500694344,9.230265750746621
2011-02-11,8.527034701833372,7.888639480550117,9.180759853512013
2011-02-12,8.20555114852373,7.56765607846214,8.841184875479893
2011-02-13,8.48535968204342,7.870577591826248,9.11478239076176
2011-02-14,8.709274777336226,8.083588515841711,9.330664329107615
2011-02-15,8.397540305180941,7.740789258856403,8.9756805856333
2011-02-16,8.134122476586626,7.5203324518885895,8.773291529467988
2011-02-17,8.05557849065317,7.42376135676573,8.6447216613146
2011-02-18,7.989061961586981,7.388607521531326,8.608528633672492
2011-02-19,7.682333534797761,7.050634011357057,8.273578563451856
2011-02-20,7.983098742431546,7.377746609366265,8.584055071993282
2011-02-21,8.23391368085457,7.605253204290842,8.866230875898513
2011-02-22,7.9546341403378715,7.320957544323423,8.568805664831729
2011-02-23,7.728714370450728,7.135805689976641,8.299800006157541
2011-02-24,7.6908218665175685,7.031625501966602,8.25141389027924
2011-02-25,7.668643823426966,7.070069240059209,8.326484053906315
2011-02-26,7.40912391188481,6.77531162751326,8.023490001110389
2011-02-27,7.759080575577168,7.150839781845888,8.349362377964113
2011-02-28,8.060132269152694,7.412605524330507,8.730010633181712
2011-03-01,7.831167737925934,7.262812225695433,8.429056438629907
2011-03-02,7.654666994750963,7.007770488424315,8.22214439173686
2011-03-03,7.664338815944975,7.068706217548187,8.294170621104286
2011-03-04,7.686949818676243,7.055081614515082,8.26925752916044
2011-03-05,7.468583186573421,6.866491357135377,8.08146497467772
2011-03-06,7.855277665233492,7.243117678003149,8.44283211919628
2011-03-07,8.187971698239233,7.578409260195669,8.795639422315544
2011-03-08,7.984990297973674,7.39970713214062,8.637719096231283
2011-03-09,7.828379856998452,7.2339182552602885,8.42283383694717
2011-03-10,7.851556341705347,7.219726062044656,8.497059156199992
2011-03-11,7.881141630962609,7.295070265216471,8.486230445742931
2011-03-12,7.663225855864759,7.0545840277980965,8.282702516130692
2011-03-13,8.044006247015846,7.418808854165642,8.638986717005919
2011-03-14,8.364727343731296,7.721954355442522,9.002684644948905
2011-03-15,8.144160243217522,7.531734862220683,8.767188578846921
2011-03-16,7.964926277461409,7.317406452355533,8.547264071598416
2011-03-17,7.9611308351991,7.381995950825967,8.502264891770583
2011-03-18,7.960182453950575,7.385666200350776,8.580199361134966
2011-03-19,7.70903547756826,7.032862953738145,8.310023447684475
2011-03-20,8.054807290535354,7.405882377718051,8.685061508705218
2011-03-21,8.339695540159845,7.704037501947888,8.912565269357179
2011-03-22,8.08343361854991,7.4843204678056585,8.672994853989877
2011-03-23,7.869590406983792,7.236566640130301,8.477393583960431
2011-03-24,7.833180619460572,7.247029209636818,8.456698636932009
2011-03-25,7.802461477615032,7.179854523283621,8.385505335044577
2011-03-26,7.525154591074401,6.961777527930374,8.168376895382043
2011-03-27,7.84904458893786,7.227428570305712,8.488430554453517
2011-03-28,8.116880389403462,7.482741264037644,8.724738401451834
2011-03-29,7.848817783975736,7.252953855322921,8.470230510836057
2011-03-30,7.628709661238721,7.010988111899481,8.234643945128575
2011-03-31,7.591710438717326,6.986897219020583,8.197580145103043
2011-04-01,7.566070569974846,6.945745613515275,8.192180087430101
2011-04-02,7.299360035936493,6.672534460560678,7.940173915811356
2011-04-03,7.639072300297522,7.0032845119057585,8.254631199116776
2011-04-04,7.927534451683826,7.3209078933916585,8.555232440898047
2011-04-05,7.684361950906568,7.043472330517479,8.325762071899891
2011-04-06,7.492763963956582,6.931491832219823,8.119843196363206
2011-04-07,7.487165428337437,6.875336505783739,8.085433382242194
2011-04-08,7.495021234280541,6.871031352019428,8.089146059075667
2011-04-09,7.263060893070367,6.680173768838484,7.912386835691788
2011-04-10,7.637914599310166,7.02782440299071,8.25976683360662
2011-04-11,7.961045816346239,7.328187191183489,8.581071569561795
2011-04-12,7.751228205637599,7.129821020473415,8.35036731976494
2011-04-13,7.590872295357878,7.014272503429937,8.258631092121435
2011-04-14,7.613667478594993,6.993616497350935,8.227010435990488
2011-04-15,7.646414208596982,7.0369379362697915,8.242612586359673
2011-04-16,7.435284306054388,6.827258985707386,8.03300548273224
2011-04-17,7.826459896955167,7.237194170353917,8.428328850081744
2011-04-18,8.161075800926918,7.5398567395057805,8.790667415132623
2011-04-19,7.957702968355495,7.340261770944867,8.5527307759767
2011-04-20,7.798678231158311,7.202407724077878,8.422797113174955
2011-04-21,7.8177459220630965,7.212053791694314,8.412430750937386
2011-04-22,7.841886289147359,7.2006701499938375,8.462192473431205
2011-04-23,7.617568772280105,6.983537611372028,8.274433064786882
2011-04-24,7.991380898759373,7.3734577629606965,8.587297617403182
2011-04-25,8.304957936404122,7.737013744164308,8.89737160256394
2011-04-26,8.077451290601715,7.436945191101561,8.657709924285257
2011-04-27,7.891841356703853,7.26203772928688,8.521888500496665
2011-04-28,7.882560874262263,7.226290542226321,8.469476661404311
2011-04-29,7.877304232456357,7.270453607990629,8.492119962527076
2011-04-30,7.623261331828055,6.985183108101626,8.213148395597502
2011-05-01,7.967727298743635,7.335412219014423,8.639097620582941
2011-05-02,8.253013715419552,7.621896840792343,8.87974012025976
2011-05-03,7.998899847506968,7.372269550951309,8.606639680830881
2011-05-04,7.788930033394318,7.146658284774858,8.42300570585655
2011-05-05,7.758023679544149,7.091171506810338,8.359075022711188
2011-05-06,7.734273643553994,7.179050464805429,8.379483718084229
2011-05-07,7.465171868346509,6.839732164847305,8.103402787534906
2011-05-08,7.798213741806958,7.167123165984771,8.468607327005392
2011-05-09,8.07580693825078,7.416758404229914,8.717647732684485
2011-05-10,7.817723231405031,7.158529185736449,8.441593472165861
2011-05-11,7.60739936585523,6.960522860698561,8.243385767693235
2011-05-12,7.579553272641342,7.026222056557052,8.193781163435704
2011-05-13,7.561991176277776,6.991836714387869,8.201710235842075
2011-05-14,7.301844154337433,6.665413017254241,7.93193073125895
2011-05-15,7.646185263456582,7.0207411861571885,8.288815670421856
2011-05-16,7.936952580811799,7.339693770882709,8.538812377709364
2011-05-17,7.69341620906338,7.082027960267016,8.339019184427169
2011-05-18,7.498494868999771,6.877899310181921,8.120020121536141
2011-05-19,7.486387895696415,6.883992902516597,8.09951261378077
2011-05-20,7.484397722243454,6.839468470911132,8.091297318684171
2011-05-21,7.240072977713779,6.627783092339682,7.87461292759352
2011-05-22,7.599162860038597,6.967820032991254,8.202992011103975
2011-05-23,7.903227853174911,7.3341965033924845,8.553423321109017
2011-05-24,7.671224439450643,7.0143355026602885,8.282646796786915
2011-05-25,7.485829226334017,6.826237885934336,8.101315300297758
2011-05-26,7.481076116241958,6.81971172217491,8.059992327173973
2011-05-27,7.4841814986671364,6.892164164832929,8.11645304712687
2011-05-28,7.241795553671629,6.633238549807496,7.884901712242793
2011-05-29,7.600630416994803,7.017061566875807,8.230668339629663
2011-05-30,7.902390309733437,7.2559873153906524,8.534044642225107
2011-05-31,7.6662415575287355,7.0713666117962255,8.329009018668065
2011-06-01,7.475128125229476,6.839238457205523,8.078600322081936
2011-06-02,7.46339860732219,6.8395062348661515,8.113228589548209
2011-06-03,7.458619999815688,6.827162972874329,8.094670867194157
2011-06-04,7.207816721276152,6.58950271367095,7.8517590930164225
2011-06-05,7.558086032132012,6.915853004438886,8.135807759421041
2011-06-06,7.851515361866756,7.232695739432755,8.491761497902516
2011-06-07,7.607639870864442,6.981144568747179,8.23629986092363
2011-06-08,7.409746257683362,6.796391792153795,7.995928017128758
2011-06-09,7.392489108108884,6.796035142536847,8.042850393169097
2011-06-10,7.383695428426548,6.750862968128385,8.004744669402662
2011-06-11,7.1305960987358485,6.462157910410347,7.727306230603245
2011-06-12,7.480435607169311,6.865386100986085,8.068732191695563
2011-06-13,7.775385724129384,7.13768682437711,8.377247328271604
2011-06-14,7.535001526568021,6.94817715269642,8.174806142460438
2011-06-15,7.342525798327467,6.7374847556741075,7.95357718103537
2011-06-16,7.3325080502822555,6.7266640111766085,7.990936378853675
2011-06-17,7.332613684753635,6.703487387097731,7.966951390275554
2011-06-18,7.089861860945774,6.48025644985229,7.696238402713681
2011-06-19,7.451243188430043,6.866994379748316,8.043376208152024
2011-06-20,7.758642627016167,7.158206127607623,8.352618252618463
2011-06-21,7.531305684684254,6.923995124675948,8.18672287704255
2011-06-22,7.352153594023797,6.757329335903854,7.955085688130271
2011-06-23,7.355413349359481,6.7403746937903115,7.953408174146472
2011-06-24,7.368437763082061,6.803519803922618,8.002504410275552
2011-06-25,7.137953739266914,6.477228164867294,7.733464794362328
2011-06-26,7.51068955163112,6.87555792100487,8.09656312573939
2011-06-27,7.828306193604326,7.24897353380021,8.479612238083194
2011-06-28,7.609870620806769,6.921356810168862,8.211496723113767
2011-06-29,7.438176342624962,6.840282344174105,8.06085541656039
2011-06-30,7.4473770759543925,6.8189446960071445,8.077648774502155
2011-07-01,7.464808510227388,6.844105804078787,8.09462888945156
2011-07-02,7.237236335529438,6.639636801409757,7.854997889699797
2011-07-03,7.611481338872421,6.979042677687876,8.273472140322088
2011-07-04,7.9293467180250845,7.279165624521112,8.534534619968602
2011-07-05,7.7100855755910285,7.055069472877167,8.383192314242129
2011-07-06,7.536714248582137,6.927334523044022,8.145231515746756
2011-07-07,7.5436374347016395,6.926853860605964,8.147659212409549
2011-07-08,7.558460454272641,6.935188642574186,8.151981771461976
2011-07-09,7.328227121656483,6.7088894121025,7.9163214797497385
2011-07-10,7.70003437518181,7.065579649785336,8.295431376018621
2011-07-11,8.015949169760113,7.394972436072919,8.646808455665507
2011-07-12,7.795465949045297,7.146126222963206,8.417533444381641
2011-07-13,7.621810694529515,7.054036261518379,8.25565466488026
2011-07-14,7.62955783185138,6.985075298493213,8.23086526008992
2011-07-15,7.646435618884633,7.058664890215308,8.30267953746293
2011-07-16,7.419558732308307,6.8214185700364975,8.037731634781036
2011-07-17,7.796039393798575,7.131375816276577,8.440558380675789
2011-07-18,8.117902674933203,7.523723922207342,8.749985504908155
2011-07-19,7.904544370796255,7.292467651315601,8.554258742391905
2011-07-20,7.739037448229371,7.162302637076202,8.382672869690065
2011-07-21,7.7557532924168955,7.102418919203275,8.372344508149862
2011-07-22,7.782173255837958,7.184820970876609,8.419119202470089
2011-07-23,7.565129045376716,6.92651113672379,8.193460302692309
2011-07-24,7.9514230525795035,7.310028353750912,8.553877142194729
2011-07-25,8.28275398191787,7.687027583605516,8.876810277364655
2011-07-26,8.078185843319815,7.488436096656464,8.756226917011816
2011-07-27,7.920465961575299,7.286754149629991,8.581661768539659
2011-07-28,7.94365785430468,7.318184516668072,8.557233776784736
2011-07-29,7.974964103386645,7.391394049717786,8.584710222981187
2011-07-30,7.7609773812361205,7.0970870535120865,8.333567158590117
2011-07-31,8.148310379099106,7.533201745410125,8.758182519513836
2011-08-01,8.47852966234542,7.819151504168892,9.042355746513648
2011-08-02,8.270631227718866,7.6172444468876614,8.90937666760202
2011-08-03,8.107363171978191,7.486806309963107,8.708745293156488
2011-08-04,8.122861136604794,7.536250118528624,8.767846984926114
2011-08-05,8.144471529189595,7.5256376858060445,8.769103666310567
2011-08-06,7.919000625823575,7.24000796465145,8.504084933151876
2011-08-07,8.293340314431909,7.734300020045253,8.918527835114476
2011-08-08,8.609395587066151,7.9762282230205654,9.204937109248855
2011-08-09,8.38655170773676,7.759441879747544,8.958398970459289
2011-08-10,8.207986681599651,7.580694454882122,8.838883550923477
2011-08-11,8.208294965528195,7.581239851062062,8.815541141453943
2011-08-12,8.215297747344797,7.580228686500147,8.806846904489618
2011-08-13,7.976278266711162,7.358687622975771,8.594982493130635
2011-08-14,8.338593337676217,7.720659265629391,8.942935334692473
2011-08-15,8.644586600625882,8.04019629616089,9.218609964685687
2011-08-16,8.41404185723099,7.826527578171824,9.03887971361809
2011-08-17,8.230482535724104,7.619736231467518,8.894799209138005
2011-08-18,8.228783629935842,7.638602263385353,8.809662595921523
2011-08-19,8.236971812252733,7.602305743698438,8.847475596982061
2011-08-20,8.00245252449776,7.423396037503864,8.625192192998835
2011-08-21,8.37261548541533,7.7250708026976485,8.986275810332799
2011-08-22,8.68976454044346,8.059031783378783,9.30345193233577
2011-08-23,8.473509454511563,7.8609908204682215,9.112303359205168
2011-08-24,8.307127574955295,7.707300075491404,8.885033650030222
2011-08-25,8.325159902951079,7.721114379354484,8.973874682911314
2011-08-26,8.355218097339442,7.750312592700218,8.95829253516496
2011-08-27,8.144220880070764,7.492221738045924,8.763292739135643
2011-08-28,8.539011055326846,7.938049978411512,9.192721737077859
2011-08-29,8.881278594495623,8.312404130163227,9.534277017030185
2011-08-30,8.690027938089942,8.065905763984125,9.302473753468142
2011-08-31,8.547895236949236,7.895564158524172,9.159951450964819
2011-09-01,8.588781436689631,7.962314620213687,9.238045108053399
2011-09-03,8.446911982551672,7.861007931053831,9.051641790059655
2011-09-04,8.856795572047375,8.263304980794684,9.47921166980187
2011-09-05,9.210547794953554,8.60467211665152,9.873313767770147
2011-09-06,9.026783397842449,8.392979650875251,9.684953856195191
2011-09-07,8.887839862400059,8.284158552926698,9.491959405958626
2011-09-08,8.927419577378357,8.335892048639376,9.510579527054908
2011-09-09,8.97242041288131,8.331144384709102,9.61931728934779
2011-09-10,8.76919266563447,8.160772431507432,9.412065979615388
2011-09-11,9.164172984884692,8.566257741966018,9.815605657515503
2011-09-12,9.498820225191658,8.894649333553838,10.081529687289802
2011-09-13,9.292090982913521,8.702041459616215,9.910866725776662
2011-09-14,9.126760268281322,8.513294146829049,9.72261358751343
2011-09-15,9.137053078865042,8.50995714000127,9.756505233555453
2011-09-16,9.150462031374303,8.557086866404596,9.770787091126108
2011-09-17,8.913989362364568,8.2940765340175,9.549081465594938
2011-09-18,9.274764307300687,8.675837800310317,9.898504175471746
2011-09-19,9.574961250846345,8.930100324494472,10.202118734938317
2011-09-20,9.334256886139288,8.684894989336767,9.919165523248777
2011-09-21,9.136132336777115,8.501458858142497,9.731091865032777
2011-09-22,9.115486515900846,8.530640746699794,9.753250759689418
2011-09-23,9.100436380288494,8.474464948025618,9.695110258748553
2011-09-24,8.838542869170102,8.176407234478937,9.488042076312356
2011-09-25,9.177413980935151,8.573529437783137,9.841938851971163
2011-09-26,9.45961077622052,8.861313117203027,10.080971389169784
2011-09-27,9.205094881400255,8.568791748838612,9.812103595516428
2011-09-28,8.997523713401993,8.323022210536092,9.598012726089042
2011-09-29,8.971859890758918,8.35887137420664,9.61439224023633
2011-09-30,8.956170597081956,8.31504255721802,9.569375967226883
2011-10-01,8.69785570951898,8.064882534874727,9.326511547442736
2011-10-02,9.04425608209012,8.441593811228406,9.691364880181563
2011-10-03,9.337567624635382,8.75508977265641,9.925002106943912
2011-10-04,9.097299523322276,8.44005612835478,9.755694037827286
2011-10-05,8.906582521623264,8.315871199233372,9.520310038461163
2011-10-06,8.899793359301192,8.289301605356293,9.498481447860383
2011-10-07,8.90437071317168,8.26050914476273,9.503174098066065
2011-10-08,8.667060986808673,8.07437604994313,9.307165675605269
2011-10-09,9.034544843821372,8.35980069918305,9.602628570338117
2011-10-10,9.348369614422824,8.713796426522535,9.992461097717168
2011-10-11,9.127425408916638,8.523084806628722,9.723505203480109
2011-10-12,8.954270357981532,8.384602246862197,9.580686965121334
2011-10-13,8.962770605600575,8.381730737842002,9.60072163788328
2011-10-14,8.979929967511717,8.335555262058934,9.592225335545068
2011-10-15,8.752147224342108,8.123291487062515,9.362041993435582
2011-10-16,9.125851629635408,8.517838253987165,9.743448931940486
2011-10-17,9.442441520463866,8.825368430471118,10.087911227392143
2011-10-18,9.22076370136121,8.617274069056668,9.8932029287792
2011-10-19,9.043438942155147,8.44203613869857,9.655101030001115
2011-10-21,9.051211723513712,8.422923674639168,9.73307837114578
2011-10-22,8.810327722090282,8.245931695189075,9.450762294697629
2011-10-23,9.168707198857206,8.528963639156743,9.78059699293753
2011-10-24,9.46824438921543,8.888847616914022,10.078757885084718
2011-10-25,9.228332317523469,8.606690216108053,9.859048594159614
2011-10-26,9.032172090136694,8.403145214358261,9.649943502055775
2011-10-27,9.014393046922901,8.35216527496017,9.627229355093238
2011-10-28,9.002859267076252,8.377178905812984,9.661980327899776
2011-10-29,8.744901073114669,8.142794033692155,9.35216788472993
2011-10-30,9.087922860088375,8.4589387730664,9.652163973025973
2011-10-31,9.374312935122733,8.77335543397239,10.00641885539953
2011-11-01,9.123893863071599,8.55075294137208,9.734480178698233
2011-11-02,8.920219487865735,8.33382121134704,9.510751841560932
2011-11-03,8.898185071037776,8.326446437448704,9.52310221387864
2011-11-04,8.885826318354468,8.260349175728715,9.467677726822437
2011-11-05,8.630546139683071,8.009578459139325,9.276635748935712
2011-11-06,8.97972059108889,8.342912747291425,9.584518693368416
2011-11-07,9.275609723832925,8.684327453916177,9.875797919734193
2011-11-08,9.03781179240093,8.410211560311666,9.67104442316583
2011-11-09,8.849566865977469,8.252481773018378,9.457102141732227
2011-11-10,8.845376082160934,8.214320957648049,9.449248453606678
2011-11-11,8.852812039865924,8.28103109256908,9.480776289488555
2011-11-12,8.61875883952783,8.039273345034308,9.208185756541535
2011-11-13,8.990032829637045,8.363227959263838,9.643819621948063
2011-11-14,9.308309352827244,8.71303477563293,9.96482845532268
2011-11-15,9.092593483513093,8.518968336117284,9.69830398499753
2011-11-16,8.9255403260007,8.3291017169974,9.511922260015568
2011-11-17,8.941090634973081,8.289334109547687,9.620906961087302
2011-11-18,8.966296790689531,8.340201102102833,9.595545693282917
2011-11-19,8.747577198159021,8.160943806018915,9.374724699119131
2011-11-20,9.131349768685448,8.500797630798788,9.782739648856387
2011-11-21,9.458969426008561,8.80548628314898,10.04959608028554
2011-11-22,9.249207337507375,8.613741382727591,9.863489131195887
2011-11-23,9.084577215351922,8.404632475598246,9.723695491856754
2011-11-24,9.098974299056277,8.507147462889677,9.728231566242734
2011-11-25,9.119502018488918,8.489178970795606,9.768208458926274
2011-11-26,8.892724213557555,8.242912940970433,9.508584213417672
2011-11-27,9.265294050885416,8.656311428082615,9.904491625634908
2011-11-28,9.578884341054613,8.948269973358665,10.247720424465387
2011-11-29,9.352657384850309,8.713149918805069,10.008821749994382
2011-11-30,9.169579945309335,8.56536319547734,9.758372396733845
2011-12-01,9.164049302186662,8.586498794530794,9.802057827593043
2011-12-02,9.163705736298471,8.527744173931966,9.771872798848376
2011-12-03,8.915669938188172,8.283886212201477,9.523784582230062
2011-12-04,9.267156521461327,8.677339946214033,9.902412997067636
2011-12-05,9.5603891855396,8.907869302848898,10.147448393343971
2011-12-06,9.315055893001237,8.68857644657061,9.894812139809055
2011-12-07,9.11461011320467,8.51523923298733,9.698795223628835
2011-12-08,9.093884471305367,8.481939981684429,9.689671010220938
2011-12-09,9.080892488885695,8.465760708561128,9.708815210699711
2011-12-10,8.823057196022159,8.192398640721558,9.42992719873454
2011-12-11,9.167818019133469,8.609981745675645,9.795107563115838
2011-12-12,9.457541645833107,8.84666143963637,10.049256490120785
2011-12-13,9.211975316916613,8.613664113396938,9.845414139316317
2011-12-14,9.014548608732989,8.41370956751983,9.609726219272435
2011-12-15,8.999989983649298,8.370753044488822,9.625380968812129
2011-12-16,8.996133662973433,8.363087320970303,9.63084631523587
2011-12-17,8.750155404649194,8.140208464496016,9.388174022697262
2011-12-18,9.109188333504045,8.47551232968361,9.724845234416764
2011-12-19,9.415244218139053,8.780326319644676,10.049814541436941
2011-12-20,9.187678296751745,8.575758369880518,9.792306993345498
2011-12-21,9.009503337770147,8.387931386916751,9.656423675128222
2011-12-22,9.015018817936532,8.39402498252442,9.593972761675953
2011-12-23,9.031630371969076,8.410372829545484,9.65304382736591
2011-12-26,9.510476012951965,8.919934094270623,10.150005343827006
2011-12-27,9.301080286760996,8.695186268960372,9.93774687744718
2011-12-28,9.139721492375974,8.527201688250832,9.74824116915518
2011-12-29,9.160488041527191,8.54515809091731,9.763907710620268
2011-12-30,9.190632314302857,8.561021041386596,9.821206679338925
2011-12-31,8.976819527367736,8.359781509420081,9.537126354537723
2012-01-01,9.365753754737181,8.74024162919474,9.990943578589036
2012-01-02,9.699106230192609,9.12109201723135,10.334381079470466
2012-01-03,9.495983875973598,8.86476945821106,10.10715835501723
2012-01-04,9.339243697674473,8.673385567862594,9.964835998511719
2012-01-05,9.363118994492119,8.741009540370513,10.00340583760586
2012-01-06,9.395032715156278,8.810485402808519,10.015026821840587
2012-01-07,9.181836428527816,8.549278017131492,9.839765177688163
2012-01-08,9.570426056730566,9.001261973511708,10.194777424195973
2012-01-09,9.902659877467304,9.258016504506308,10.504861342511587
2012-01-10,9.697817118227416,9.122326971115948,10.35538894900884
2012-01-11,9.538903148612695,8.931955535286162,10.14210954429609
2012-01-12,9.560267562331052,8.942882393921389,10.16938040270581
2012-01-13,9.58941078651099,8.962908970001044,10.211563069990474
2012-01-14,9.373217949201276,8.709043360718757,9.98358651762394
2012-01-15,9.758571360587776,9.149149436658634,10.333697327451036
2012-01-16,10.08726726079828,9.489294772435983,10.731972803782975
2012-01-17,9.878475236507315,9.285804493210778,10.519554851616181
2012-01-18,9.715046322133057,9.120368114932832,10.358913180451479
2012-01-19,9.73113601579283,9.086629408437956,10.34655766746404
2012-01-20,9.754017716543098,9.053389037311375,10.358652015099565
2012-01-21,9.530325116298192,8.920850604718094,10.197797639780283
2012-01-22,9.906674643717757,9.242519147866094,10.554631543659754
2012-01-23,10.224593301382582,9.599251061966966,10.848842793177994
2012-01-24,10.002989942906979,9.42372371662512,10.6149830538003
2012-01-25,9.82447561688033,9.200332649694147,10.423318705955657
2012-01-26,9.82299879751308,9.183700591731279,10.460249675991275
2012-01-27,9.825670589475376,9.240527258791213,10.436174982609169
2012-01-28,9.579018025688361,8.930380663770542,10.198537010400502
2012-01-29,9.929616158259297,9.32037960562398,10.552338720857477
2012-01-30,10.219023917091892,9.593872729634432,10.809681056972606
2012-01-31,9.966261458356385,9.337425466017267,10.561207600758829
2012-02-01,9.754134358396584,9.151881731276475,10.331797880241359
2012-02-02,9.716870264255325,9.073419674034387,10.313272257518383
2012-02-03,9.681942949731488,9.067044625468014,10.27083266816583
2012-02-04,9.39632183295499,8.764017693327341,9.98765235643819
2012-02-05,9.707097671991573,9.061643506026757,10.289710085515384
2012-02-06,9.956409509497096,9.339047844940769,10.566470129021848
2012-02-07,9.66391076383856,9.038589421739633,10.27204007279851
2012-02-08,9.413080072557344,8.83637596319847,10.095435346753204
2012-02-09,9.33884281857591,8.712618801229974,9.930364392892573
2012-02-10,9.269378668089438,8.64676703559901,9.841768296229679
2012-02-11,8.952353606829025,8.304548070987813,9.589318138588261
2012-02-12,9.235527660806095,8.58198945717791,9.780425545369864
2012-02-13,9.461663868016362,8.836415466601258,10.027764584377543
2012-02-14,9.150976905822219,8.534717470368879,9.780023929016451
2012-02-15,8.887427484465265,8.287620253725546,9.489103715585259
2012-02-16,8.806328924316539,8.171107830160631,9.407106833000235
2012-02-17,8.736141701259847,8.120696934217657,9.381610356096413
2012-02-18,8.424694856960251,7.765369257764922,9.046485808936437
2012-02-19,8.719785812318296,8.084109383220913,9.387670012680609
2012-02-20,8.964084433891582,8.354086274801075,9.61145663079475
2012-02-21,8.677579963288295,8.061617566448199,9.248272048525237
2012-02-22,8.443877040180436,7.833148502563544,9.076483745369494
2012-02-23,8.39780726705434,7.761695043853526,9.022757660062835
2012-02-24,8.367232038627693,7.730340259106318,8.94337270131188
2012-02-25,8.099275379763126,7.536908400142292,8.698666716522254
2012-02-26,8.440938088750022,7.810725294239318,9.079127928878663
2012-02-27,8.734018711370553,8.056007088175324,9.354029937003556
2012-02-28,8.493895936619046,7.907818175564932,9.133187962024149
2012-02-29,8.30689627954375,7.686578170096573,8.921559659675106
2012-03-01,8.306876784419345,7.687376422603717,8.90180387334121
2012-03-02,8.320734113137012,7.706516988647481,8.917750348111163
2012-03-03,8.094660083425104,7.47101379118247,8.70319214513644
2012-03-04,8.47477798484425,7.879958375105332,9.126763321871898
2012-03-05,8.802084616786752,8.226519728265444,9.457071208297053
2012-03-06,8.594935701517915,7.996360373173149,9.276046098992643
2012-03-07,8.43537992008962,7.793166770774324,9.04076196008277
2012-03-08,8.45680703710612,7.83358881459836,9.062233878792878
2012-03-09,8.485784882650837,7.83702489812666,9.13303356981172
2012-03-10,8.268323034234577,7.611313776924954,8.835765417861666
2012-03-11,8.650513673323232,8.050814949121621,9.290126424812122
2012-03-12,8.97347442113266,8.374739303739481,9.603244576626473
2012-03-13,8.755830765546849,8.200930633972087,9.391539081764165
2012-03-14,8.580043385815708,7.950051234315907,9.187370153684938
2012-03-15,8.580045998765556,7.950064284527412,9.15643672334781
2012-03-16,8.583068747615533,7.9363377568172275,9.18102259699221
2012-03-17,8.33588531768614,7.698761961526511,8.912107698037962
2012-03-18,8.685434674637575,8.087152750256603,9.330687806701055
2012-03-19,8.973742719559842,8.359117211072354,9.614512535953445
2012-03-20,8.720382017906068,8.143878090533287,9.286589935416728
2012-03-21,8.508775494926248,7.8734425282628715,9.150140450553646
2012-03-22,8.473810332509132,7.8631520006921924,9.098673054611268
2012-03-23,8.44363770837198,7.848748039278425,9.043586219855278
2012-03-24,8.165897173684863,7.5446461442294455,8.769669750985186
2012-03-25,8.488317152048213,7.884966415186791,9.084255013642492
2012-03-26,8.75361740104196,8.147954586713238,9.377859861806416
2012-03-27,8.481952085108738,7.861281443920341,9.107425218807931
2012-03-28,8.25719977592838,7.643360000320348,8.870328796607167
2012-03-29,8.214566958978978,7.531281561612414,8.85322011445725
2012-03-30,8.182380942299405,7.5612071141058,8.808558647878062
2012-03-31,7.908311123114032,7.263490891724772,8.532256880726415
2012-04-01,8.239970155335195,7.6083524359876185,8.848575252446219
2012-04-02,8.51982081841945,7.898299863421398,9.102830365117896
2012-04-03,8.267627096276907,7.652838885802081,8.851597611693737
2012-04-04,8.066755547127133,7.489006497547644,8.752349483207487
2012-04-05,8.051793219394506,7.418397266983368,8.696620428285929
2012-04-06,8.050357606847209,7.447558086020379,8.658550672545491
2012-04-07,7.809337128000218,7.194213825051986,8.402978304762122
2012-04-08,8.175513147464107,7.528064203778164,8.823631469916561
2012-04-09,8.490488774314244,7.874493770144803,9.125711150833679
2012-04-10,8.273162356297988,7.643851750855689,8.83908678742819
2012-04-11,8.106051152726385,7.472457819156997,8.692807514834188
2012-04-12,8.12293085120906,7.495019258893528,8.728804147578165
2012-04-13,8.150665855720394,7.498151298453023,8.762402226013801
2012-04-14,7.935468304800408,7.362785286652879,8.528571400915384
2012-04-15,8.32353636491205,7.713064484692336,8.954822993979404
2012-04-16,8.655996627479773,7.986656173963933,9.292538367710682
2012-04-17,8.451388198537225,7.853821319426974,9.086348682802326
2012-04-18,8.291993719054505,7.689004233647406,8.949473822154212
2012-04-19,8.311482827295048,7.7096127381094215,8.925184202111273
2012-04-20,8.33674293135371,7.749638873813684,8.960110194413504
2012-04-21,8.114135286417769,7.52440322588394,8.725478469477363
2012-04-22,8.490127050728505,7.822721080332601,9.135447231190007
2012-04-23,8.806224366354844,8.153640384610728,9.439595118859122
2012-04-24,8.581444353001556,7.958265800969591,9.201646327970373
2012-04-25,8.398631624676103,7.817728828749356,9.048595064633485
2012-04-26,8.392085273673953,7.763085953888447,9.039696379370868
2012-04-27,8.389371671709197,7.789627179470246,8.99731171349251
2012-04-28,8.13756159895563,7.494736523946073,8.754752277923602
2012-04-29,8.483842910922307,7.778448582412368,9.054232044314967
2012-05-01,8.517038777167315,7.88511288854578,9.14861374339898
2012-05-02,8.307142364821011,7.660185141643554,8.906804994206814
2012-05-03,8.27562544807216,7.655732321981579,8.883284271184017
2012-05-04,8.250561508734835,7.617063912491169,8.863663265752187
2012-05-05,7.979442725300515,7.367484915850455,8.550196140229255
2012-05-06,8.30978371865389,7.6478540994388595,8.888913460565265
2012-05-07,8.584029258174448,7.944121170711423,9.197852776999252
2012-05-08,8.322004460919917,7.673990668368449,8.945714662855783
2012-05-09,8.107213626958544,7.5109888295555995,8.725680272530981
2012-05-10,8.074454063766517,7.420477999689203,8.68074761350118
2012-05-11,8.051620523394217,7.438965354048628,8.703468888679554
2012-05-12,7.785938896653478,7.167925658826291,8.366451258412337
2012-05-13,8.124580365568418,7.51343196945077,8.728416844355403
2012-05-14,8.409581452163648,7.785558050012354,9.035849566598005
2012-05-15,8.160308099539824,7.549966831529608,8.753741606664358
2012-05-16,7.959769493967394,7.355904090813528,8.576318592134987
2012-05-17,7.942247522181702,7.275742936819163,8.540715533873403
2012-05-18,7.935117018196484,7.32518958947538,8.508815891373011
2012-05-19,7.685094977707383,7.085127762707382,8.308460075284085
2012-05-20,8.038869492006905,7.422546582957602,8.643037914222583
2012-05-21,8.338033419931078,7.696949041284856,8.973126864512373
2012-05-22,8.101560555973869,7.5327947294939985,8.726140142165708
2012-05-23,7.912129677690509,7.3253075613951335,8.516711804266574
2012-05-24,7.903762102140733,7.286558311138064,8.536484392854081
2012-05-25,7.903647709220435,7.2596369693878025,8.563742695551777
2012-05-26,7.658397486475527,7.077451434440063,8.272126818706843
2012-05-27,8.014673299273461,7.453456407178124,8.63183420608715
2012-05-28,8.314119932673236,7.672771021444559,8.942975780766808
2012-05-29,8.075837264840912,7.398757037604715,8.740541160594567
2012-05-30,7.882698126571574,7.265337755801698,8.505877896390963
2012-05-31,7.8689777117260835,7.2536437735813895,8.516878106983537
2012-06-01,7.862168365004959,7.241406055144707,8.461366222384491
2012-06-02,7.609225248397836,6.96783664362634,8.232890771453869
2012-06-03,7.957179741531498,7.342648155872948,8.59823583638594
2012-06-04,8.248060237578647,7.622916032623621,8.869015693859994
2012-06-05,8.001351490270713,7.392820970743786,8.577292625468118
2012-06-06,7.800299892860965,7.178455900840145,8.378669528782067
2012-06-07,7.7795309439811,7.206241209005156,8.409653268450391
2012-06-08,7.766854513167777,7.201964219794434,8.404927538027652
2012-06-09,7.509496624726878,6.91226822320938,8.085655723843013
2012-06-10,7.854709116574181,7.227100464749126,8.44521578022747
2012-06-11,8.144682841830338,7.494139050852217,8.721205721332227
2012-06-12,7.8990028444059766,7.269649247605088,8.54769394925539
2012-06-13,7.70095156745785,7.107273502034141,8.324618329285544
2012-06-14,7.685126381953182,7.064512428517229,8.29947414835767
2012-06-15,7.679247012352986,7.044538856394387,8.261571688355984
2012-06-16,7.430391476095079,6.8261940477444245,8.039628883606577
2012-06-17,7.785611729218983,7.156176069575326,8.393072617996221
2012-06-18,8.086854465076028,7.471303303337603,8.735577816684167
2012-06-19,7.853425227512181,7.201194984698118,8.511153767541684
2012-06-20,7.668301587482295,7.031005227079256,8.240632533711272
2012-06-21,7.665761330577618,7.037950055023174,8.276438048651865
2012-06-22,7.673200873804443,7.050073079990129,8.284476505443278
2012-06-23,7.437382162359283,6.803486712149839,8.040617792813965
2012-06-24,7.805058877161175,7.195397350698151,8.476891758897484
2012-06-25,8.11790705440504,7.487285144360268,8.721437205242527
2012-06-26,7.894997959635472,7.268671460481673,8.487182972675772
2012-06-27,7.71911868329274,7.090838495813359,8.325743490909451
2012-06-28,7.724406168820082,7.1203295220892375,8.343470164549105
2012-06-29,7.738169708348434,7.082682356808057,8.354731186427461
2012-06-30,7.507140031990481,6.878712604261102,8.131216717698006
2012-07-01,7.878095759246951,7.2923439491956685,8.533752879480282
2012-07-02,8.19279231571991,7.610844048548697,8.8144453148056
2012-07-03,7.970431223543489,7.347978513799479,8.627076833587967
2012-07-04,7.793975360054744,7.203725364584948,8.43198756375396
2012-07-05,7.797776080841825,7.142176951032013,8.394196256464426
2012-07-06,7.809387478644048,7.138025156001891,8.409789712203029
2012-07-07,7.575806184351221,6.934566564233897,8.272842527670033
2012-07-08,7.944087793536945,7.334838267179663,8.57845367350881
2012-07-09,8.256265361208627,7.61812181970014,8.898527964334555
2012-07-10,8.031808226321017,7.421986046715172,8.666689194105858
2012-07-11,7.853927115958126,7.249369200021031,8.436153240676711
2012-07-12,7.857191771552859,7.183636110148478,8.421057396127253
2012-07-13,7.869336694432026,7.238682176539149,8.49335217253871
2012-07-14,7.637493711855952,7.0603459892643405,8.274975193267073
2012-07-15,8.008802701340045,7.382576072728784,8.601935517712466
2012-07-16,8.325326121409768,7.714309293819651,8.93550100948496
2012-07-17,8.106505760073299,7.52032243215565,8.731496296361126
2012-07-18,7.9354677397992575,7.303202754407957,8.547076073882737
2012-07-19,7.946642046239698,7.352896013985284,8.594552309219994
2012-07-20,7.967572137609027,7.364978587659708,8.558245838876298
2012-07-21,7.745153231124666,7.173981477129763,8.37692849890167
2012-07-22,8.126250438033317,7.54338433848773,8.737285487515706
2012-07-23,8.452622172465684,7.838670729480776,9.085430091256383
2012-07-24,8.243386972392521,7.669283352392922,8.867027576314431
2012-07-25,8.081339456803814,7.457564706319816,8.709265096867465
2012-07-26,8.100581339357191,7.482563826508038,8.739993987544059
2012-07-27,8.128342687056763,7.5415864281995795,8.760696658632591
2012-07-28,7.911231641879889,7.286958367064537,8.531276935872835
2012-07-29,8.295863400196144,7.666480705965125,8.943938002713402
2012-07-30,8.62379351214327,8.015937218298545,9.286883932024654
2012-07-31,8.413993301356673,7.782551321968325,9.044486822053733
2012-08-01,8.249172827274421,7.649925110674176,8.846627830688538
2012-08-02,8.263417054237316,7.6583997558500165,8.90155292277299
2012-08-03,8.284010214231488,7.6729559786846355,8.886502287831787
2012-08-04,8.057686440703211,7.407663032379926,8.676193877405288
2012-08-05,8.431257394105296,7.831715388379948,9.085109342739528
2012-08-06,8.74654193652713,8.08071389679933,9.416991779049335
2012-08-07,8.522835721355976,7.937798899406009,9.147643773432716
2012-08-08,8.343226254919124,7.722518798588039,8.944493948569367
2012-08-09,8.342219295017669,7.723374854879443,8.990047869239678
2012-08-10,8.347551834432828,7.7392733774080815,8.96471458284142
2012-08-11,8.106430061496633,7.493541942718199,8.708876997272727
2012-08-12,8.466143377500641,7.85179529949159,9.07275461589784
2012-08-13,8.768979921575902,8.191498210194396,9.410288584507187
2012-08-14,8.534681884930572,7.90194188036791,9.11450159036669
2012-08-15,8.346746597796848,7.757176937901368,8.943910064450558
2012-08-16,8.340039678069484,7.746711056710767,8.960718421440788
2012-08-17,8.342595898827298,7.715156943324363,8.98738390493598
2012-08-18,8.101846548462216,7.503957005458335,8.748836853883073
2012-08-19,8.465224705677956,7.8101137014727735,9.087080099533049
2012-08-20,8.775074172650225,8.136994267099729,9.403512697800261
2012-08-21,8.551100581799998,7.921109532629386,9.149581377452368
2012-08-22,8.376670826365041,7.6973489337036565,8.994497844519337
2012-08-23,8.386427198176856,7.768874806491726,8.976103606746523
2012-08-24,8.408091908224236,7.757151077983871,9.01718440033087
2012-08-25,8.188700704677167,7.558951102433514,8.812743488608367
2012-08-26,8.575216875033577,7.938349385181472,9.179835277500068
2012-08-27,8.90945116664641,8.267226342544125,9.56043926345057
2012-08-28,8.710525863954611,8.079394966647689,9.372507523489437
2012-08-29,8.561188834701053,7.9379788238191225,9.208240756587692
2012-08-30,8.5954435391599,7.961487123507722,9.24994538869659
2012-08-31,8.640370247752978,7.997979274581925,9.232860489247734
2012-09-01,8.442376722900512,7.832427794056025,9.035980064248378
2012-09-02,8.847829176261936,8.223347880007593,9.506932833665285
2012-09-03,9.197988563703838,8.617655917347916,9.824461038075707
2012-09-04,9.011489981719372,8.368803052377917,9.641907743941026
2012-09-05,8.87067054706136,8.254109385643881,9.499449371926676
2012-09-06,8.909211346731814,8.356813272109664,9.498952544504958
2012-09-07,8.953968352310904,8.337603982121701,9.56942332939772
2012-09-08,8.751230262351559,8.146864642833851,9.393891590156835
2012-09-09,9.14735386187517,8.555386289715312,9.763899625720196
2012-09-10,9.483701809424565,8.841825085735444,10.100719163999635
2012-09-11,9.279120558397862,8.623966953913332,9.868879779491538
2012-09-12,9.116263801526596,8.479975278353779,9.753795917809231
2012-09-13,9.129227130123972,8.509382063269534,9.770023112357952
2012-09-14,9.145368981672323,8.5214936427356,9.76107289372987
2012-09-15,8.911556096152655,8.287018503200938,9.577516583939078
2012-09-16,9.274784396102932,8.629006196631517,9.865601655806445
2012-09-17,9.577100587153259,8.942841796442497,10.149153727350328
2012-09-18,9.33806262180924,8.746266835347463,9.90705237279132
2012-09-19,9.14104488891898,8.514905552820684,9.745617743646381
2012-09-20,9.1208543183984,8.486405362157193,9.733545539161534
2012-09-21,9.10553298299798,8.49496695681104,9.719244002232555
2012-09-22,8.84258592174628,8.235957829189276,9.426581113101376
2012-09-23,9.179585585956536,8.52513794422447,9.81429687229503
2012-09-24,9.459078658344225,8.806854352399636,10.076071591594902
2012-09-25,9.201033796807117,8.58620518825228,9.817618382477315
2012-09-26,8.989136517350374,8.393904030355284,9.62002384284994
2012-09-27,8.958397691021819,8.366326909925352,9.562458159621434
2012-09-28,8.93695144693018,8.326399727205553,9.59106231098669
2012-09-29,8.672281335199186,8.033857313935448,9.327288653611118
2012-09-30,9.011826195130443,8.447157634693118,9.624191384439758
2012-10-01,9.297891437313028,8.70309883000675,9.899715598509044
2012-10-02,9.050104164282885,8.409123098245237,9.650519315322946
2012-10-03,8.851718135740322,8.259232450629117,9.480346996358792
2012-10-04,8.837234768908521,8.170792638952921,9.476315876191977
2012-10-05,8.834215614186709,8.21041152019784,9.440181262002676
2012-10-06,8.589524750227001,7.939090730984861,9.227595888475632
2012-10-07,8.949952087853612,8.312902681913576,9.554874355000875
2012-10-08,9.25714280247628,8.659386172959028,9.876028952476144
2012-10-09,9.030070811181455,8.458369447146588,9.672115397896306
2012-10-10,8.851361787139197,8.27215183665755,9.442498571538728
2012-10-11,8.854931398208457,8.273777862231064,9.4190531487645
2012-10-12,8.86781373008603,8.233148614591094,9.463844357230904
2012-10-13,8.636417895834127,8.036737783557486,9.239098660939543
2012-10-14,9.007163428917776,8.392232667805212,9.629671906438569
2012-10-15,9.321419348187506,8.719462960847524,9.926170717095992
2012-10-16,9.097984550152697,8.476820143370789,9.741853518672393
2012-10-17,8.919414837979838,8.296851506821886,9.563791327117112
2012-10-18,8.919662173638718,8.281374710190889,9.51950451136535
2012-10-19,8.925901098407655,8.300858661102456,9.530121458316124
2012-10-20,8.684780394076817,8.078024045542266,9.277117343629943
2012-10-21,9.043050735840712,8.422704480050088,9.704231294942808
2012-10-22,9.342493457935475,8.695868940075979,10.012337577730714
2012-10-23,9.102388391880387,8.485312778407717,9.697976587248947
2012-10-24,8.905826454296959,8.294570522638548,9.506109655013491
2012-10-25,8.887332990516374,8.190085357539607,9.476935763512255
2012-10-26,8.874677279173293,8.221926518173255,9.472657770077513
2012-10-27,8.615106756917,8.000326251734403,9.217566663899799
2012-10-28,8.955957213885224,8.329166238076446,9.609907602680282
2012-10-29,9.239564579128029,8.645195579484042,9.884874699998402
2012-10-30,8.98571673818772,8.336243113286713,9.630878984978747
2012-10-31,8.777951512666696,8.096297787645897,9.389473673593807
2012-11-01,8.751167218390059,8.136331228113672,9.389418948945783
2012-11-02,8.733421563814943,8.098602189763836,9.361973569756483
2012-11-03,8.472157740246612,7.8726259239852805,9.116344838404519
2012-11-04,8.814809174812362,8.19276797384584,9.401440178886784
2012-11-05,9.10370870756211,8.453793479754932,9.706033500282729
2012-11-06,8.85854069521893,8.213197339652726,9.479425013667338
2012-11-07,8.662642148482814,8.044587282341109,9.277157477464133
2012-11-08,8.650619214454371,8.095845127180297,9.295588214911989
2012-11-09,8.650154581990588,8.055512201581367,9.281449027395718
2012-11-10,8.408244404714617,7.818618745672246,9.071117159075193
2012-11-11,8.771815890489494,8.155898546455372,9.396125178708873
2012-11-12,9.082650940966497,8.434051868372668,9.698901360499619
2012-11-13,8.859853921503461,8.256469666766451,9.424260887000521
2012-11-14,8.686169214164547,8.06017989078732,9.270109538028358
2012-11-15,8.695614392410878,8.105207738818889,9.288645039888957
2012-11-16,8.715304117466202,8.128805957908027,9.377597122342385
2012-11-17,8.491702882111046,7.884013616248445,9.122699664773394
2012-11-18,8.871257304213728,8.233315849704079,9.543463450549238
2012-11-19,9.19533294230505,8.572163467826687,9.836990067303915
2012-11-20,8.982693349098563,8.387927904811937,9.573128236084173
2012-11-21,8.815826708432962,8.18323587774155,9.401965812916366
2012-11-22,8.828585652696741,8.20238409444752,9.410399359909169
2012-11-23,8.84801519142664,8.273407904660251,9.441033803418206
2012-11-24,8.620606784171317,8.024437907536948,9.222622605476097
2012-11-25,8.992929246068645,8.333411424344131,9.614675372206966
2012-11-26,9.306561523153846,8.685849308559622,9.909137269384619
2012-11-27,9.080565194136064,8.509507986580493,9.686524049871778
2012-11-28,8.89780225630374,8.317984976967514,9.523239975584097
2012-11-29,8.892564069436581,8.299139152029047,9.503842678142954
2012-11-30,8.892386721161918,8.323945806279482,9.49690752582932
2012-12-01,8.644291225329983,8.017260706443004,9.235607295361447
2012-12-02,8.995399654542107,8.399418341460514,9.62310645026793
2012-12-03,9.287852677985583,8.662918638620209,9.922698922590124
2012-12-04,9.04126680608915,8.399438267055872,9.633035108306524
2012-12-05,8.839037335299377,8.260906695493608,9.389497992877766
2012-12-06,8.815953291438538,8.17404274626523,9.452200981074398
2012-12-07,8.800000025218504,8.164925453096515,9.42751221072042
2012-12-08,8.538588222479053,7.9242705223503656,9.132617781407898
2012-12-09,8.879160729821336,8.23535378759627,9.5450803163276
2012-12-10,9.164102907102826,8.56630822768098,9.820160326856664
2012-12-11,8.913194980541569,8.25613097866931,9.505563845360488
2012-12-12,8.70991249598406,8.120347104604049,9.322623948400006
2012-12-13,8.689041197609207,8.046564722476461,9.335038852646356
2012-12-14,8.67848194388287,8.07055948209894,9.330338561519824
2012-12-15,8.425484308433774,7.815610075130642,9.05367001675424
2012-12-16,8.777260084858167,8.164458956167758,9.434516072702356
2012-12-17,9.07590216439699,8.45993710416007,9.703537243564464
2012-12-18,8.840846964870039,8.222355123892429,9.442466923432146
2012-12-19,8.655186171757505,8.00822347339478,9.243374765635835
2012-12-20,8.653293745609338,8.011907892952081,9.310311290911054
2012-12-21,8.662643415820716,8.04273076670946,9.260579743500426
2012-12-22,8.430054908302983,7.82297857301085,9.074272573230704
2012-12-23,8.802319730087785,8.2051919281635,9.434261209849291
2012-12-24,9.121131600298671,8.479043221689366,9.744153127661352
2012-12-25,8.905559354591428,8.244623893047159,9.524946450505151
2012-12-26,8.738367771653898,8.133347502282959,9.378431271784532
2012-12-27,8.753652012263002,8.144747687965971,9.369025288940009
2012-12-28,8.778660683735144,8.176418437663175,9.412937926137957
2012-12-29,8.56004563289295,7.930723324784888,9.176574629427844
2012-12-30,8.944489213098294,8.32521575066463,9.543006514092676
2012-12-31,9.273634106346776,8.634639678705367,9.866921355478047
2013-01-01,9.066553588051615,8.47346202184411,9.728779383565476
2013-01-02,8.906067810371436,8.269373089420748,9.472501957092785
2013-01-03,8.926371984173768,8.274932692600037,9.54775033056632
2013-01-04,8.954851718179732,8.300976004375894,9.608502674668493
2013-01-05,8.738323912063247,8.151898619776054,9.348062914398788
2013-01-06,9.123654281122196,8.577024193122964,9.742870400086183
2013-01-07,9.452676953131181,8.81481528952687,10.076984399159235
2013-01-08,9.244654400503919,8.636083956975307,9.90040800354487
2013-01-09,9.082583662726385,8.433467536618442,9.698394283349
2013-01-10,9.100815109532611,8.443863332046591,9.761685852491192
2013-01-11,9.126859352853396,8.553943781066613,9.77041517502491
2013-01-12,8.907621021399583,8.295918011136031,9.545978817304368
2013-01-13,9.290010749630909,8.663768628921886,9.957089840931319
2013-01-14,9.615861043685461,8.938211070840655,10.267633703761433
2013-01-15,9.404384449551458,8.740986747599116,10.018248538986162
2013-01-16,9.238480075000632,8.591472365437772,9.83697836550832
2013-01-17,9.252354743008825,8.623015602270918,9.842585033911933
2013-01-18,9.273334341002265,8.673125391555187,9.929378834572203
2013-01-19,9.04810396587605,8.363065296208998,9.70196023568528
2013-01-20,9.423328035209057,8.79924748321469,10.004204296998438
2013-01-21,9.740575783568291,9.105349473240958,10.389036337531477
2013-01-22,9.518790270171966,8.91315025337247,10.138111698822827
2013-01-23,9.340606603892363,8.703690675200875,9.982903960687516
2013-01-24,9.339985281704656,8.791743804379584,9.976152127673208
2013-01-25,9.344035798805454,8.723096533784512,9.951649887912966
2013-01-26,9.09926871226942,8.471104837482866,9.694774442832546
2013-01-27,9.452226911703852,8.788479113413796,10.076519150383746
2013-01-28,9.744421113093935,9.107886926941433,10.372963760170778
2013-01-29,9.49480732656494,8.884218449096396,10.105030210335489
2013-01-30,9.28611166795186,8.657593237463574,9.92425729690524
2013-01-31,9.25246812471514,8.592077110940332,9.858861170787387
2013-02-01,9.221244209303059,8.648032191173268,9.829378947770032
2013-02-02,8.939292525111979,8.348223305192766,9.585176821937631
2013-02-03,9.253578916381334,8.673452380170408,9.885000264969984
2013-02-04,9.506112214565483,8.861132666808468,10.10543578501713
2013-02-05,9.216413408398473,8.575233622741191,9.84446382267829
2013-02-06,8.967829763344616,8.362901566257328,9.584979163588498
2013-02-07,8.895159732985366,8.274237168369764,9.530577809038324
2013-02-08,8.826463898117087,8.242268121213666,9.486605324544314
2013-02-09,8.509300324425075,7.9420866990171435,9.155036221787542
2013-02-10,8.791335429128328,8.16215141052378,9.394122619704744
2013-02-11,9.015255830210068,8.410619924576613,9.621381784157235
2013-02-12,8.701219495707429,8.16066485050311,9.30314946457959
2013-02-13,8.433152224460787,7.819016518941036,9.026032956945516
2013-02-14,8.346355807501114,7.728543327862657,8.975338619117753
2013-02-15,8.269303598760757,7.665963595602265,8.876263024532498
2013-02-16,7.949862350688132,7.337360948033568,8.574627536055619
2013-02-17,8.235891827788585,7.6667166555653266,8.851356446741377
2013-02-18,8.470148039470446,7.839604150540021,9.088805048163312
2013-02-19,8.172728711113672,7.565492404874808,8.82801691094509
2013-02-20,7.927367250321226,7.345136110491416,8.550549193493518
2013-02-21,7.869041699511455,7.256681921736101,8.530256048866525
2013-02-22,7.825774456787247,7.203246519960228,8.462194113873847
2013-02-23,7.544861582244992,6.937760969218022,8.221489602713177
2013-02-24,7.873483072513958,7.249181345339463,8.49343078963744
2013-02-25,8.153619725166406,7.5038366231666185,8.72554430155765
2013-02-26,7.904514907646178,7.273027225426731,8.560751600321023
2013-02-27,7.708987106200073,7.055715020079816,8.37877502407581
2013-02-28,7.701059296950781,7.0503480253982245,8.32268251750707
2013-03-01,7.707780416085538,7.047471223429581,8.314102008757203
2013-03-02,7.475477198709795,6.8906240227673345,8.073007196084871
2013-03-03,7.850387193547468,7.243491285767864,8.446482432559812
2013-03-04,8.173597987016448,7.577813586511778,8.796353901582433
2013-03-05,7.963530366760541,7.340833904693769,8.608711975457611
2013-03-06,7.804286103097118,7.196053348576099,8.464656253123692
2013-03-07,7.827249020772831,7.198369407723329,8.43600827880346
2013-03-08,7.858967838082807,7.253337583250211,8.4732563104738
2013-03-09,7.6454049465699185,7.019310311117988,8.25528185175845
2013-03-10,8.03257843728914,7.403908284324549,8.657571283607112
2013-03-11,8.361506783070595,7.714868975034597,8.973654960889457
2013-03-12,8.150693743275863,7.53613402041542,8.756470158237093
2013-03-13,7.982458735506501,7.324783351728819,8.597955767329479
2013-03-14,7.990578220431113,7.390412084956988,8.561328592057324
2013-03-15,8.002113030120599,7.35591134727977,8.632603921517498
2013-03-16,7.76365972259232,7.123555486339361,8.402965444665737
2013-03-17,8.121976748575953,7.497049584393745,8.793256457068303
2013-03-18,8.418910610065332,7.795657364249244,9.088392589136827
2013-03-19,8.173860050799485,7.5340769851158615,8.795993036098508
2013-03-20,7.970084055699786,7.325508266034027,8.571166132610585
2013-03-21,7.942319782659728,7.278570123610633,8.562735684339177
2013-03-22,7.918585963485986,7.30183928232247,8.549723373877278
2013-03-23,7.646410475919042,7.055704409497566,8.298834591366678
2013-03-24,7.973433488140259,7.3923935243637136,8.600280038131995
2013-03-25,8.24231195024412,7.649705908634326,8.903429666305627
2013-03-26,7.973164031254093,7.3996361101269414,8.589394048899432
2013-03-27,7.749859785553297,7.088004812399651,8.406535292177443
2013-03-28,7.707624613858685,7.100701816203979,8.359945542286779
2013-03-29,7.674831420164708,7.091816406480243,8.323882006683007
2013-03-30,7.399220444598207,6.7748067079924805,8.048394249378527
2013-03-31,7.728498357505105,7.115424205907173,8.354346342190379
2013-04-01,8.005242474445396,7.3835431285337965,8.644090544495603
2013-04-02,7.7493486751320715,7.1453102395015415,8.378558911349058
2013-04-03,7.544329194634095,6.948926317335433,8.132123320419062
2013-04-04,7.5249266399968935,6.956924180327271,8.182912505511649
2013-04-05,7.5189198314066115,6.946259986943059,8.146479704825571
2013-04-06,7.273360063844471,6.688529207746374,7.9301360618276275
2013-04-07,7.635188919702887,7.035560780483758,8.220330534960528
2013-04-08,7.946162979068765,7.355754421381165,8.568536290890775
2013-04-09,7.725323453865613,7.065757334720401,8.376803202678342
2013-04-10,7.555316328950918,6.916996845105672,8.147447864840457
2013-04-11,7.5700287657307594,6.925758687454568,8.201598152683973
2013-04-12,7.596416773963771,7.004064881178939,8.240000376517207
2013-04-13,7.380762174448878,6.756396726761642,8.014243936009116
2013-04-14,7.769309445606371,7.193417520319154,8.402298987092976
2013-04-15,8.103207313355089,7.482797436510348,8.751201003201006
2013-04-16,7.900992686342837,7.301264832438227,8.50226046211086
2013-04-17,7.744922169689844,7.173835780920079,8.389747709969212
2013-04-18,7.768616646083384,7.115609791270222,8.409543542752578
2013-04-19,7.798893752949612,7.167220401825546,8.430329141762334
2013-04-20,7.582026195248312,6.93454890325567,8.201878304361635
2013-04-21,7.964376498961288,7.366172876969834,8.538914102666897
2013-04-22,8.287333170647619,7.688355422743189,8.936376035776464
2013-04-23,8.069786061126456,7.461427377661509,8.666831089142514
2013-04-24,7.894446446065255,7.30058081315113,8.509977996058884
2013-04-25,7.89547766696411,7.306800209623006,8.50366437736417
2013-04-26,7.9003115801381325,7.292386265453373,8.510765247677558
2013-04-27,7.655889224069448,7.026086080337863,8.312257726819299
2013-04-28,8.009276819144041,7.366086666233392,8.645826705347197
2013-04-29,8.302582597591641,7.685234276559413,8.927051347248378
2013-04-30,8.055412802387218,7.4001816029411325,8.705299286008222
2013-05-01,7.851172901641844,7.277306015593912,8.500259510595797
2013-05-02,7.824680373744593,7.15230079384422,8.462533154022282
2013-05-03,7.803964786638863,7.16954771687966,8.436570167072325
2013-05-04,7.536494008316684,6.88011915471578,8.212272528695712
2013-05-05,7.869778028836102,7.201034421291299,8.46053527136925
2013-05-06,8.146276187917893,7.571582529348422,8.756013755837465
2013-05-07,7.88584636563602,7.233510387982246,8.502180356042269
2013-05-08,7.672042318783341,7.030304342789909,8.236546454465376
2013-05-09,7.639725568828071,7.0385795155895465,8.233862892717982
2013-05-10,7.616867529810967,7.0170824585093525,8.212267468285408
2013-05-11,7.350780594765582,6.721644231785128,8.011239547306104
2013-05-12,7.6887294635940435,7.050496028458592,8.272812224537919
2013-05-13,7.972848237008765,7.33734317783507,8.534159353922137
2013-05-14,7.722601501373912,7.140051926120687,8.347612906425516
2013-05-15,7.521095201624028,6.936780154924291,8.1352173737092
2013-05-16,7.502703282056718,6.858471127043357,8.092645916754988
2013-05-17,7.494885329417108,6.853734295190156,8.107113462455766
2013-05-18,7.24443346884466,6.664425836246145,7.816277664284806
2013-05-19,7.598099327333454,6.960984277732132,8.236207019904077
2013-05-20,7.897526134530702,7.278362524895807,8.453906295536617
2013-05-21,7.661723757563786,7.070242019218389,8.297986034232236
2013-05-22,7.4733920777494,6.822403423048318,8.072272337376639
2013-05-23,7.466558349450034,6.815911081021736,8.046798916609347
2013-05-24,7.468403495012798,6.845866701324519,8.054200853496033
2013-05-25,7.225515372387162,6.576654356605108,7.823436559575902
2013-05-26,7.5845196879915795,7.008440699065953,8.262305301967062
2013-05-27,7.8870135576568785,7.243760394100964,8.527755986896937
2013-05-28,7.652039521238816,7.002789756557142,8.273962258198418
2013-05-29,7.462405502362315,6.8293647268185165,8.120638933120478
2013-05-30,7.4523165080055165,6.819189225813109,8.039915879570003
2013-05-31,7.449193241743125,6.8518842886223075,8.064397638315869
2013-06-01,7.199915944779282,6.620137512917996,7.862363700946077
2013-06-02,7.551444463416873,6.886891997042349,8.138991249644207
2013-06-03,7.84573990976287,7.223198222840214,8.468308813007763
2013-06-04,7.602226111575483,6.9824488252284285,8.242518982894017
2013-06-05,7.4040967470328525,6.770967743913979,8.040219524385119
2013-06-06,7.385934364958546,6.7927171981128,7.955654180760609
2013-06-07,7.375582025689773,6.760023085106052,7.979386042969011
2013-06-08,7.1201804157774635,6.506092353772734,7.724419691309519
2013-06-09,7.4669734383646285,6.8353632432176825,8.060941537542512
2013-06-10,7.758156274019944,7.140616434438772,8.35787580902535
2013-06-11,7.513330181492073,6.8913582652963274,8.107931276690508
2013-06-12,7.315804948833912,6.718382156143763,7.913025777126395
2013-06-13,7.300215312200956,6.702042294960803,7.902456569208936
2013-06-14,7.294326960278511,6.633792206252552,7.902111973163907
2013-06-15,7.045270791459475,6.413447150731712,7.625855863025184
2013-06-16,7.4001566743715665,6.801861952610923,8.004433306059319
2013-06-17,7.700992222870913,7.101802374270923,8.34816154520474
2013-06-18,7.467144814849475,6.837462687851396,8.052028568630675
2013-06-19,7.281652673496043,6.666592897029957,7.876320760785848
2013-06-20,7.27885102748178,6.657800396233155,7.894808694651501
2013-06-21,7.286188634728291,6.704130105912212,7.906293891431613
2013-06-22,7.050472981872724,6.408852942143433,7.645479955031151
2013-06-23,7.418495044805604,6.777449814287585,8.05166770891764
2013-06-24,7.731958757637525,7.124664713066466,8.294439431744598
2013-06-25,7.509953068737496,6.86845817667421,8.142499881878974
2013-06-26,7.335272075916847,6.758723703024733,7.941969549808334
2013-06-27,7.342048965111263,6.7621878153327675,7.970656413122741
2013-06-28,7.357578788692021,6.7387818135096165,8.034491847676145
2013-06-29,7.128568198313527,6.519670051464901,7.728646553135942
2013-06-30,7.501762877889589,6.862531928798951,8.065426059224505
2013-07-01,7.818877745930683,7.198216622924768,8.436842957445807
2013-07-02,7.5990677917253535,6.985009245901723,8.252698773029314
2013-07-03,7.425245087461685,6.811249496596941,8.043567748287703
2013-07-04,7.431707813158824,6.807207122333207,8.049733982098926
2013-07-05,7.4459565016806115,6.827294834296245,8.05209009220292
2013-07-06,7.214935843026343,6.630270679143134,7.822063278635004
2013-07-07,7.585653063553886,7.004171039846839,8.191158663474427
2013-07-08,7.900098256541944,7.238220911917864,8.59539261117931
2013-07-09,7.677704862909767,7.083852933606814,8.319864131186364
2013-07-10,7.50165619498709,6.856978475714767,8.07882528467604
2013-07-11,7.5065041960912255,6.889777683280191,8.099915012336318
2013-07-12,7.519975992762853,6.872289493681127,8.15807429606104
2013-07-13,7.289206910809106,6.6477082445599525,7.8887797407680464
2013-07-14,7.661351274381544,7.026390664355523,8.2904921402461
2013-07-15,7.978496629839054,7.356329213364406,8.633427843946304
2013-07-16,7.760119811605474,7.20965157225301,8.382417021956751
2013-07-17,7.589390907124725,7.0124473595288,8.196130411252698
2013-07-18,7.6007914181594245,6.996511965354786,8.20980822016445
2013-07-19,7.621922216339463,7.061487510481349,8.226305361958806
2013-07-20,7.399739940044202,6.7831868509412105,8.01534379202841
2013-07-21,7.781173062994568,7.179283459773648,8.469162430640418
2013-07-22,8.10804312502976,7.488317680945485,8.70768613823347
2013-07-24,7.738482327536715,7.098707762905266,8.347747204249478
2013-07-25,7.759053108277762,7.153370836781182,8.389037517766434
2013-07-26,7.7885123748324405,7.164152943033092,8.399911829814844
2013-07-27,7.573498567267228,6.933897390701404,8.14072361127057
2013-07-28,7.960645458982008,7.318869520181642,8.594123295103868
2013-07-29,8.291514414340359,7.700177227117867,8.912959373584215
2013-07-30,8.085069151392345,7.424836071907162,8.69819028302844
2013-07-31,7.923998460341759,7.328940139502643,8.55272860723114
2013-08-01,7.9423525580436305,7.322002247951061,8.542679191309274
2013-08-02,7.967368068223489,7.355833646118496,8.573906640882395
2013-08-03,7.7457196944255315,7.157441375021315,8.388947908177782
2013-08-04,8.12414928267999,7.541358741705671,8.781527889730354
2013-08-05,8.444397294976069,7.847307075888931,9.013704401468093
2013-08-06,8.225674511548748,7.594143225202173,8.851831940404201
2013-08-07,8.05097946064702,7.450146742653339,8.665053678004519
2013-08-08,8.054727373699821,7.432998694736108,8.693042753091008
2013-08-09,8.064565840209811,7.434186838459692,8.686915688082246
2013-08-10,7.827615476081333,7.195967563557548,8.47849883957227
2013-08-11,8.191086604449177,7.564817124525829,8.76318946125702
2013-08-12,8.497197319011294,7.917151179560471,9.117490114601654
2013-08-13,8.265631133656107,7.671524485530196,8.848229713846886
2013-08-14,8.079840128445067,7.4765263243779865,8.661414754434658
2013-08-15,8.0746598148314,7.4919411397428775,8.714049665974821
2013-08-16,8.07811132030744,7.422745990202057,8.720566561958128
2013-08-17,7.837629620210822,7.200260022958059,8.46662623655533
2013-08-18,8.200669205396105,7.537421441060016,8.819622689331535
2013-08-19,8.509612909094244,7.877474364819018,9.139226256302143
2013-08-20,8.284222402805158,7.713975526480071,8.907150534388602
2013-08-21,8.107936520383221,7.506380248905801,8.7054091510361
2013-08-22,8.115483817355836,7.459700858265303,8.725360099266823
2013-08-23,8.134685078593078,7.54747126248875,8.783200207032403
2013-08-24,7.912684539687036,7.309947828833511,8.499259806997852
2013-08-25,8.296561171064683,7.659568648101929,8.873666077807469
2013-08-26,8.628245631487918,8.007069890452335,9.266570585169514
2013-08-27,8.426981209684254,7.802054818129258,9.046284303442206
2013-08-28,8.275634652569954,7.675135057424187,8.89865374676184
2013-08-29,8.308322963583468,7.670575374858614,8.919604888920057
2013-08-30,8.352231506788819,7.740841179626446,8.938812210007029
2013-08-31,8.153861761019986,7.558279207307741,8.784890708502003
2013-09-01,8.559659620233239,7.933512545020456,9.237733720106103
2013-09-02,8.910949374832336,8.324539808536771,9.516390320199664
2013-09-03,8.726411215296809,8.146828051333996,9.359381708921171
2013-09-04,8.5884076872884,7.96826758547625,9.186085052885831
2013-09-05,8.630624734231853,8.022299174685568,9.271470238650366
2013-09-06,8.679902250274418,8.050215300470212,9.242198639324474
2013-09-07,8.482492122060693,7.847826576039123,9.104953060389935
2013-09-08,8.884694347410163,8.248956687391791,9.521777583923628
2013-09-09,9.227796120496118,8.572628427839556,9.813466542066863
2013-09-10,9.030551578815553,8.451314275086279,9.65550756154173
2013-09-11,8.87550751291072,8.253825425410808,9.49579488664852
2013-09-12,8.89664071181808,8.245530759934264,9.496167436416014
2013-09-13,8.921181925584689,8.35419210591115,9.536473144359379
2013-09-14,8.695864588114247,8.049274003143628,9.359512642632648
2013-09-15,9.067549126621035,8.483200486688439,9.706045110919133
2013-09-16,9.378148060813569,8.760043280922682,9.971826730352205
2013-09-17,9.147089938600372,8.531930700865002,9.743810424888641
2013-09-18,8.95762787525423,8.367835313210735,9.568138143208605
2013-09-19,8.944458793118926,8.339968532017965,9.539758726637142
2013-09-20,8.935528856994804,8.302818555823485,9.554971552804265
2013-09-21,8.678263751314356,8.048011583272514,9.293043639022537
2013-09-22,9.02017513196582,8.425823595712147,9.618180872957833
2013-09-23,9.30376894768924,8.643084564828019,9.878560094086275
2013-09-24,9.048994140918232,8.39519117325356,9.652757431494138
2013-09-25,8.839537916176592,8.193709022141253,9.441561625409204
2013-09-26,8.810434040368188,8.215499705248229,9.495902528076659
2013-09-27,8.789859972923928,8.16033252697745,9.400356908958857
2013-09-28,8.525361701599827,7.936561439962647,9.122381814694931
2013-09-29,8.86445776673281,8.236470973734866,9.501439272559653
2013-09-30,9.149548234681639,8.554568564715533,9.795735152057684
2013-10-01,8.900367110070178,8.265379299932563,9.534679020174488
2013-10-02,8.700284269035777,8.10034962254487,9.29567255461434
2013-10-03,8.683923189265437,8.083067394036059,9.356443483662131
2013-10-04,8.678970008793051,8.068843862598557,9.337555505356084
2013-10-05,8.432412453470256,7.841620889113848,9.055203771735885
2013-10-06,8.791159719617381,8.182739800412998,9.40955642215625
2013-10-07,9.096968627095782,8.480364377637443,9.71749602206548
2013-10-08,8.868914050377969,8.297133754030249,9.508431102996806
2013-10-09,8.689709204869967,8.041136683221085,9.312047468920603
2013-10-10,8.693341550804089,8.081845288030902,9.301738453165596
2013-10-11,8.706899339167167,8.061193623516548,9.349070479845569
2013-10-12,8.476826852511149,7.882632022282085,9.09624938617195
2013-10-13,8.8495589742453,8.250741667702933,9.470501981214715
2013-10-14,9.166459995775838,8.550911140967273,9.72793857702563
2013-10-15,8.946304321618873,8.2745240631248,9.565266893240521
2013-10-16,8.771604370569385,8.078427253335411,9.38085637229225
2013-10-17,8.776251232045556,8.107680249819735,9.42893338239227
2013-10-18,8.787342980594325,8.175285946062173,9.386445879415541
2013-10-19,8.551438664821157,7.958182597708008,9.177992158677231
2013-10-20,8.915188653551345,8.255019697607118,9.53991976504117
2013-10-21,9.220266381944402,8.605630236052061,9.784286372573572
2013-10-22,8.98583937118535,8.365656168963486,9.548908075627192
2013-10-23,8.794885107130742,8.121849524284256,9.395664212881423
2013-10-24,8.781817689745925,8.154295364397049,9.414156496705074
2013-10-25,8.774300564140821,8.1776689162762,9.413487756350138
2013-10-26,8.519483800605407,7.8935197144008455,9.171141161074871
2013-10-27,8.864617087839283,8.29272625275691,9.445975174136343
2013-10-28,9.151963979873342,8.543648976914593,9.780845489287952
2013-10-29,8.901255770171879,8.241931024590233,9.496145942953685
2013-10-30,8.69599106589083,8.049189083222164,9.288939698517597
2013-10-31,8.671047435622143,7.99583225104784,9.296337754449512
2013-11-01,8.654480863569406,8.020217723312303,9.242021486480645
2013-11-02,8.393751848516072,7.798801940847445,9.012416473844088
2013-11-03,8.73632962104775,8.10114983641665,9.360374988358243
2013-11-04,9.024600258512109,8.421711379245176,9.61394983873888
2013-11-05,8.778317233356123,8.13898944240356,9.391016531015595
2013-11-06,8.580900548831984,7.942679097464651,9.179279624418156
2013-11-07,8.567050833265865,7.915704467603201,9.158435265172097
2013-11-08,8.56455404110039,7.922490228515064,9.19279421357243
2013-11-09,8.320515434481871,7.70732661875353,8.896358628875587
2013-11-10,8.681974079617744,8.05752952799917,9.30451832468124
2013-11-11,8.990823330729917,8.401969400444674,9.624752436217912
2013-11-12,8.766275472404308,8.084816232372267,9.37973266218497
2013-11-13,8.591176262091487,7.936222613199765,9.206208525554077
2013-11-14,8.599635296524532,7.993301253405175,9.158280485142784
2013-11-15,8.618847380733062,7.990667811796775,9.237853946446839
2013-11-16,8.395343095499873,7.731215013194889,8.969951390252602
2013-11-17,8.775619325020324,8.139983057028616,9.387702727325916
2013-11-18,9.101074764241273,8.511881645732585,9.734761179988102
2013-11-19,8.890488155427612,8.29185301233622,9.480777506213261
2013-11-20,8.726344618561706,8.137627025194808,9.333005252995079
2013-11-21,8.742475676962579,8.19487851463664,9.338492292023972
2013-11-22,8.765887898120015,8.120299837591498,9.349928716903968
2013-11-23,8.543018157745266,7.928606763459208,9.151306377209817
2013-11-24,8.92036617668273,8.309548386223014,9.54550438852955
2013-11-25,9.239429316524346,8.661014384111695,9.826084358711583
2013-11-26,9.019177428702504,8.411754729153103,9.654162216545702
2013-11-27,8.842373243801932,8.230475337240497,9.416375727716543
2013-11-28,8.843204097405854,8.196383436024396,9.441107371062275
2013-11-29,8.849100173864793,8.247722605782597,9.459244410517286
2013-11-30,8.60697759565107,7.9866661146196805,9.257825891809164
2013-12-01,8.9638573760323,8.348053865024882,9.650901998878009
2013-12-02,9.261785626183334,8.673846755848176,9.872335416319437
2013-12-03,9.020293241705733,8.425934925327248,9.641062725320971
2013-12-04,8.822700997577094,8.201578085236273,9.41362142905785
2013-12-05,8.8037362889332,8.208606010954142,9.419156386318528
2013-12-06,8.79133712605237,8.1786474604822,9.423166980446446
2013-12-07,8.53288211144793,7.952373863196066,9.152174002542178
2013-12-08,8.875797778744927,8.245381049647607,9.444485626924038
2013-12-09,9.16246899763016,8.563379248980945,9.78447745108354
2013-12-10,8.912690925435463,8.314353240310245,9.557778557075885
2013-12-11,8.708504886919561,8.057719301526149,9.343222569590107
2013-12-12,8.686203232302866,8.041322026287121,9.32073771272045
2013-12-13,8.673741447172752,8.082554463837884,9.315185609103105
2013-12-14,8.418433600148004,7.802554690542715,9.028431754054669
2013-12-15,8.76756371934202,8.131650847940865,9.371661690708548
2013-12-16,9.063302374837908,8.446971860344291,9.7070647654686
2013-12-17,8.825166719724788,8.183335575465053,9.422864088844404
2013-12-18,8.636329826595418,8.031168331567429,9.233066085027515
2013-12-19,8.63124534918911,8.024660326902373,9.23748914659263
2013-12-20,8.637462801834724,8.020492181955088,9.263657638221746
2013-12-21,8.401871771748716,7.798221296391268,8.992274651739047
2013-12-22,8.77132594754715,8.197287861983094,9.39014131320585
2013-12-23,9.087572104701305,8.474783411302196,9.679713205075785
2013-12-24,8.86972191571744,8.238073877998422,9.449922672784139
2013-12-25,8.700572062566529,8.09590095991309,9.291834185416056
2013-12-26,8.714238358035091,8.082648900710492,9.304171938560767
2013-12-27,8.737978892010178,8.097915770324404,9.292459129905401
2013-12-28,8.518444295773499,7.901686232860538,9.152590348760521
2013-12-29,8.902305847088481,8.257130776675547,9.528987977168756
2013-12-30,9.231186462299924,8.601900130594164,9.84656359140078
2013-12-31,9.024132417463605,8.441057639279471,9.677727075337422
2014-01-01,8.863931319435002,8.259947700790812,9.486822699829878
2014-01-02,8.884742144487117,8.274562044816502,9.497162018246467
2014-01-03,8.913912535020192,8.284044021526265,9.513022217320858
2014-01-04,8.698221679789613,8.091432675471978,9.318054194371557
2014-01-05,9.084499782959142,8.464657644199216,9.719633653892126
2014-01-07,9.207607477655944,8.580289440486505,9.858071818590291
2014-01-08,9.046652067355717,8.417734659514647,9.654899431136101
2014-01-09,9.066023116015854,8.44758980798689,9.696173717386072
2014-01-10,9.093229691508236,8.453257466913623,9.696289780063616
2014-01-11,8.875184248244198,8.227255623939412,9.513146213074098
2014-01-12,9.258814622991585,8.616833726439648,9.8961125027719
2014-01-13,9.58597950800966,8.924199418940432,10.203327952419304
2014-01-14,9.375925833099611,8.78092543228237,10.001189105251319
2014-01-15,9.211594127880144,8.565611602218702,9.834273162658802
2014-01-16,9.227238174632756,8.611347793444066,9.843331165802038
2014-01-17,9.250234560784763,8.610816843429943,9.85415002585904
2014-01-18,9.027320786370577,8.418616182338656,9.634221879240712
2014-01-19,9.40521316143231,8.766374674783323,10.045804090947538
2014-01-20,9.725529983964506,9.125789638072755,10.295055644874155
2014-01-21,9.507258201318576,8.854373173395395,10.141654222906698
2014-01-22,9.333069340430503,8.739289747206307,9.97791027036373
2014-01-23,9.33695068239799,8.731458192343167,9.949107139163456
2014-01-24,9.346026916832026,8.743473723324936,9.967469148069902
2014-01-25,9.106810530171623,8.505959996794287,9.728934983061938
2014-01-26,9.465831746645263,8.858552738676968,10.077727378007033
2014-01-27,9.764573093986128,9.146507123014677,10.448567996810311
2014-01-28,9.521946389337833,8.918070444120302,10.07860195756122
2014-01-29,9.320617547187434,8.736497567575109,9.940528761392443
2014-01-30,9.294644837825498,8.688755626519544,9.894689663326323
2014-01-31,9.271305532549222,8.607694541320578,9.906682688561606
2014-02-01,8.997348948767108,8.405992953739256,9.624799628573621
2014-02-02,9.319626539195118,8.6999745284856,9.926523420654672
2014-02-03,9.580023996027702,9.000708114876106,10.187285903725781
2014-02-04,9.2979331420216,8.635208931318566,9.897547921545774
2014-02-05,9.056569066735864,8.458826590281857,9.723515217325131
2014-02-06,8.990598272630423,8.373808276710133,9.625222935190832
2014-02-07,8.927952980613313,8.271600058559601,9.561729740524157
2014-02-08,8.61606989384063,8.028250882088082,9.206480004982618
2014-02-09,8.902504414743621,8.316036379379073,9.551535957721665
2014-02-10,9.129845692905269,8.503972038046829,9.72424199932498
2014-02-11,8.818170727411824,8.210636728438947,9.418995327728913
2014-02-12,8.551343466189849,7.961100278029736,9.143900882191687
2014-02-13,8.4646251701661,7.846147733926147,9.10463512747606
2014-02-14,8.386471699643465,7.794775586044545,8.995278315869829
2014-02-15,8.064756519399614,7.450764605571516,8.657138736422896
2014-02-16,8.347370890583667,7.735570144910282,8.961310180363617
2014-02-17,8.577127061414997,7.968435600602371,9.208408371295532
2014-02-18,8.274203062943048,7.6425964584451,8.858501469811719
2014-02-19,8.022435371368736,7.393375127789955,8.626344390827017
2014-02-20,7.9569259500847025,7.301841231569607,8.51146524313003
2014-02-21,7.905839492311186,7.312405065308339,8.519509702730632
2014-02-22,7.6166297366080045,6.9752575459570565,8.22608688599353
2014-02-23,7.936646307975636,7.320372481634428,8.51265844046441
2014-02-24,8.208047789142842,7.5927524767111985,8.7768289647999
2014-02-25,7.950259430587733,7.281033698947031,8.533412251537584
2014-02-26,7.746281477030372,7.092675818768267,8.342212849197699
2014-02-27,7.730314260597501,7.098129750485031,8.311354885453582
2014-02-28,7.729575448355733,7.107658729592562,8.367362961589707
2014-03-01,7.490547824347505,6.930588755040131,8.11186542368692
2014-03-02,7.8596085205593,7.226337243192675,8.433938411434664
2014-03-03,8.177964831389279,7.553245128721138,8.79422073388647
2014-03-04,7.9641344336675655,7.337509121148269,8.574727406201424
2014-03-05,7.800275403029825,7.2223100508326805,8.436746550157748
2014-03-06,7.8198316054239205,7.182509673491044,8.415263911243128
2014-03-07,7.849368311454355,7.229055986216285,8.47548038417472
2014-03-08,7.634835920025295,7.074455776884588,8.300043823717951
2014-03-09,8.022212272283682,7.407521731976136,8.72801619640631
2014-03-10,8.35244832944725,7.704421411221525,8.993179340764543
2014-03-11,8.1439547584123,7.52322191130127,8.738050294056144
2014-03-12,7.978934628655561,7.356112533383603,8.591758027994393
2014-03-13,7.991027708479024,7.364085530936363,8.659406170440313
2014-03-14,8.007141217093315,7.365317432140632,8.595694071811385
2014-03-15,7.773704947226497,7.126392984244669,8.416149210696302
2014-03-16,8.137301847014363,7.521980769014423,8.770799132111827
2014-03-17,8.439598329162054,7.81431850726245,9.057563247185445
2014-03-18,8.199813037450006,7.597001950153696,8.808826973692037
2014-03-19,8.001029329136358,7.357754456497594,8.64053773881832
2014-03-20,7.977817560808002,7.334321929769058,8.562885709460488
2014-03-21,7.95804260163022,7.329649090040393,8.587691357875503
2014-03-22,7.689095169682092,7.111241001933708,8.329799290262462
2014-03-23,8.018498295877105,7.439512017475201,8.637983785052016
2014-03-24,8.288814605042067,7.6814181862447155,8.882408265635114
2014-03-25,8.020092942145192,7.401841720635468,8.605703423871153
2014-03-26,7.796160573044677,7.204043521634252,8.406856908596039
2014-03-27,7.752227488052813,7.135784611327289,8.405657227095299
2014-03-28,7.716678691435632,7.105457439773586,8.359980420099854
2014-03-29,7.437293457461334,6.84941635849044,8.046281872812923
2014-03-30,7.761843157923459,7.120353636796297,8.38665468990532
2014-03-31,8.032993558723923,7.379210959141286,8.648583319060801
2014-04-01,7.770750223635573,7.122086246861,8.357722699272141
2014-04-02,7.558753264355242,6.955090724862146,8.211569411560662
2014-04-03,7.531887874308872,6.88881372126906,8.17818701201054
2014-04-04,7.518086341026807,6.916095760813762,8.177806064922489
2014-04-05,7.264560237242198,6.654623728830002,7.894965710883108
2014-04-06,7.618414031150411,7.030317250361426,8.242207425581437
2014-04-07,7.92156557514141,7.277348803450025,8.52979659272319
2014-04-08,7.693211611407759,7.056199215306247,8.327651037205653
2014-04-09,7.516143986251823,6.860374316743494,8.174623946272614
2014-04-10,7.524382430929434,6.872339708694016,8.16237092419424
2014-04-11,7.544999007825099,6.922218007554964,8.169960327141808
2014-04-12,7.324372326081814,6.7160679087408885,7.974787062617755
2014-04-13,7.708822187336086,7.076330953244796,8.340948458367958
2014-04-14,8.039549573057135,7.395709908946187,8.66038691435299
2014-04-15,7.835119610784623,7.149777939161167,8.444784926075245
2014-04-16,7.677792770017479,7.046321318959952,8.23232652925707
2014-04-17,7.701169776206763,7.085220821177283,8.345762597383862
2014-04-18,7.732025053386334,7.143525424438717,8.329227987051251
2014-04-19,7.516566599700345,6.9078493536143535,8.155507427723068
2014-04-20,7.901072849647704,7.271943517227737,8.547019060917414
2014-04-21,8.226831422818677,7.651330600701802,8.818293205287938
2014-04-22,8.012617479163476,7.39783236435596,8.621135779066059
2014-04-23,7.841017105564745,7.20572553076417,8.45562602182437
2014-04-24,7.846061481590809,7.202716432384351,8.482753760145961
2014-04-25,7.855046971791719,7.224049913977038,8.487837407161642
2014-04-26,7.614779452722897,6.981276374404271,8.230735358572348
2014-04-27,7.972193887590328,7.345112940810829,8.608418983589079
2014-04-28,8.26927454905578,7.64190406040622,8.917188700259999
2014-04-29,8.025514138225324,7.394009366894655,8.699272233934837
2014-04-30,7.824217764666953,7.201989395920931,8.444801004998846
2014-05-01,7.800118072226809,7.181964432098563,8.403456837689465
2014-05-02,7.78117717665833,7.16078246046529,8.39000912139878
2014-05-03,7.514814209273221,6.910289003083324,8.102936234386812
2014-05-04,7.848509919638683,7.214140425977618,8.463267876567583
2014-05-05,8.124714120222363,7.541787318926486,8.742222312489101
2014-05-06,7.863294535560524,7.235941546651813,8.470401396894475
2014-05-07,7.647833259468423,7.018814232769941,8.23442361372756
2014-05-08,7.613237262185933,6.981451361205526,8.237258718074354
2014-05-09,7.587538685562567,6.957086759049118,8.15109832116445
2014-05-10,7.318123706789555,6.7068831547031555,7.930839934751237
2014-05-11,7.652341325717729,7.03387801330078,8.252343248043708
2014-05-12,7.932417680463103,7.318609376065657,8.509771456529212
2014-05-13,7.677914201679164,7.103175653095637,8.256213407424744
2014-05-14,7.472035491236221,6.816407734236199,8.052078936156606
2014-05-15,7.449252993896532,6.832816223468515,8.046164757416456
2014-05-16,7.437119782957765,6.8767606929231455,7.991478843984941
2014-05-17,7.182514792152136,6.550900411439894,7.785462162968422
2014-05-18,7.532267383031476,6.965487170570075,8.089655138752164
2014-05-19,7.8280873830370385,7.216788093487931,8.453135345368286
2014-05-20,7.58903844521013,6.9891537179017185,8.221382593351498
2014-05-21,7.39786017928322,6.774908457884576,8.073883198454727
2014-05-22,7.3886047226446845,6.826114640061487,7.9845350320623085
2014-05-23,7.388462719223922,6.78963151413609,7.994748244184339
2014-05-24,7.144016742560597,6.524165738971899,7.7726426853364226
2014-05-25,7.501872821108933,6.8705108852286,8.107921695035866
2014-05-26,7.803595040526401,7.14978994585631,8.355862807945517
2014-05-27,7.568180987964465,6.9566309973395,8.164611173844555
2014-05-28,7.378383478078531,6.757880121014257,7.978072487009182
2014-05-29,7.368344294415818,6.7345294284377815,7.968136713730332
2014-05-30,7.36541505143153,6.710058231211305,7.964383192262401
2014-05-31,7.116403417556477,6.453159918687333,7.768470132695189
2014-06-01,7.468195621296961,6.835817696286562,8.109912803498073
2014-06-02,7.76268052998722,7.168375306477592,8.361499875585807
2014-06-03,7.519213421794115,6.917239897631164,8.144328939296754
2014-06-04,7.320925275513724,6.679077106799488,7.93653556048046
2014-06-05,7.302343713835921,6.688384223832636,7.887990055611985
2014-06-06,7.291201111947053,6.639964068123864,7.882526761612196
2014-06-07,7.034668510603348,6.415385576260878,7.657374583819624
2014-06-08,7.379966634320008,6.807201503643654,8.03394095946439
2014-06-09,7.669279651500082,7.049546411031191,8.306666237052553
2014-06-10,7.422210102489323,6.802161236209894,8.02614860426637
2014-06-11,7.222081074815068,6.620896767428967,7.843068862567454
2014-06-12,7.203551957909447,6.597582325301193,7.819185690720312
2014-06-13,7.194423422441993,6.56002674741815,7.872038799923626
2014-06-14,6.941870329731021,6.3155822481829995,7.521377532600821
2014-06-15,7.293053870042464,6.671546243811886,7.910799096873657
2014-06-16,7.59003849751778,6.987563568090024,8.209179331154639
2014-06-17,7.352251953189301,6.761689439691604,7.973047769209702
2014-06-18,7.162794263501198,6.564167384373365,7.76899356191442
2014-06-19,7.156061798692328,6.557156711974869,7.752424053533411
2014-06-20,7.1595617458639005,6.546964763844498,7.706725484084841
2014-06-21,6.920155375868919,6.303224255837132,7.549915617360906
2014-06-22,7.284681052200375,6.686771448583136,7.907373430642701
2014-06-23,7.594882185699281,6.974562663223005,8.184552910190932
2014-06-24,7.369878062116199,6.734359946357902,7.98859193944714
2014-06-25,7.192483073307636,6.574845047981558,7.846455918397892
2014-06-26,7.196840104431479,6.554349639587567,7.829484559578519
2014-06-27,7.210243129511512,6.597506952623016,7.820131948503767
2014-06-28,6.979387134467436,6.336228017026027,7.613326615807475
2014-06-29,7.350996105112082,6.670566025303339,7.926125594272177
2014-06-30,7.666754129323343,7.0298170309805466,8.337420793092365
2014-07-01,7.445777446584508,6.804900038805782,8.10942103957246
2014-07-02,7.270932945437167,6.640903925786,7.873536997282042
2014-07-03,7.276468895257949,6.683919172052197,7.9505029815449175
2014-07-04,7.289833061907872,6.670951515671411,7.870547938081599
2014-07-05,7.0579164832881975,6.415006124159673,7.708545891110939
2014-07-06,7.427673853928086,6.8386282362347375,8.060205071353368
2014-07-07,7.741045827190971,7.146430589313243,8.349332415937939
2014-07-08,7.517421367084553,6.910375190435028,8.085126537395839
2014-07-09,7.339945978741646,6.704191191020153,7.947698140167836
2014-07-10,7.343141951704535,6.7279400466626775,8.011836991303465
2014-07-11,7.354716121253776,6.774919912920286,7.973071310879888
2014-07-12,7.121793776048106,6.447068753752785,7.729529011122118
2014-07-13,7.491529998581537,6.862522343242349,8.112045444008706
2014-07-14,7.806024058697869,7.157752291997543,8.392030899263439
2014-07-15,7.5847752678891105,6.93327741269286,8.24039745090808
2014-07-16,7.4109863543371635,6.767146641252143,8.013861091381298
2014-07-17,7.419180671167857,6.84125692233551,8.0243489932708
2014-07-18,7.4370088629922355,6.7756099118087825,8.024444254121013
2014-07-19,7.211483676165491,6.58293290568306,7.824103707916337
2014-07-20,7.5895941915251,6.99833562445257,8.19310009531177
2014-07-21,7.9132250270555415,7.32083454119991,8.578823246374286
2014-07-22,7.70161878219388,7.046156484480943,8.318122703095328
2014-07-23,7.53768758844743,6.921622964241583,8.180362043308651
2014-07-24,7.555639829877818,6.9213093847312255,8.208748465182255
2014-07-25,7.582797363583849,6.968382432442641,8.238612911461427
2014-07-26,7.365841593484233,6.776527116317937,8.006341030218795
2014-07-27,7.751439317125996,7.148500327945972,8.35472097884858
2014-07-28,8.081173518068024,7.442235734189078,8.662250887615338
2014-07-29,7.8740169964873825,7.283608295962599,8.497316863359615
2014-07-30,7.712654331328031,7.064746153578635,8.33030766238467
2014-07-31,7.731117885659966,7.121959094074342,8.345641233834154
2014-08-01,7.756612864199883,7.131131822957487,8.415810829180996
2014-08-02,7.535769496172843,6.895826333889131,8.154161988811937
2014-08-03,7.915273033408119,7.318897752463252,8.537818112783196
2014-08-04,8.236796564357766,7.620103469938812,8.907492682692364
2014-08-05,8.019474428851776,7.383840508845825,8.65440784254686
2014-08-06,7.846221687135949,7.226506819371653,8.481501619205842
2014-08-07,7.85136538525378,7.249152248749802,8.492893094491693
2014-08-08,7.862462726137988,7.206230055865417,8.466030956910785
2014-08-09,7.626544387840669,6.994169420149786,8.251241323420256
2014-08-10,7.990733910541353,7.374521616517761,8.598023278140097
2014-08-11,8.29716844198804,7.671013872438147,8.944184278849567
2014-08-12,8.06545896428494,7.4522737041599365,8.728265907227327
2014-08-13,7.8789958331211745,7.240607567887156,8.489849907840393
2014-08-14,7.872565777634657,7.23804312501357,8.48628216435499
2014-08-15,7.874155892983712,7.295628963324615,8.477018122191954
2014-08-16,7.631183293912282,6.974730147872,8.256556108003958
2014-08-17,7.991101769112621,7.389452630367776,8.617124380034554
2014-08-18,8.2963111229344,7.703934608378675,8.904317806130837
2014-08-19,8.066607690806075,7.471887229511999,8.694677482492924
2014-08-20,7.885482178320966,7.235269514226052,8.516514277671359
2014-08-21,7.887731236320114,7.249998349112839,8.484646845348319
2014-08-22,7.901258505106898,7.2932243594120285,8.527411771567396
2014-08-23,7.673303927284967,7.059309742219212,8.300638140494371
2014-08-24,8.051052725746471,7.428029400747361,8.698241695416787
2014-08-25,8.37654971305927,7.749370810911736,8.979075254844771
2014-08-26,8.16915732105301,7.52863931497664,8.821248174176755
2014-08-27,8.011863327694817,7.358684542369959,8.650372399254145
2014-08-29,8.077581225587766,7.466208957376234,8.685403419512276
2014-08-30,7.874502623366666,7.269625220625396,8.437840965513656
2014-08-31,8.276211358827226,7.686002488854996,8.902871853902498
2014-09-01,8.624115143921575,7.999934373471437,9.219440585749355
2014-09-02,8.436961786081929,7.878038513087927,9.043703422233538
2014-09-03,8.29716363808655,7.654427372207724,8.858242415232265
2014-09-04,8.33843709439539,7.798026778741603,8.968035174379391
2014-09-05,8.387632104278394,7.734724517341511,8.986188016249109
2014-09-06,8.19098971372861,7.580217385513733,8.78674470833595
2014-09-07,8.594778242806203,7.973712455247851,9.174399654115948
2014-09-08,8.940232995127493,8.342603318063361,9.570979654674465
2014-09-09,8.746037161359293,8.079732607053064,9.397700866336553
2014-09-10,8.594649230647773,7.960123640647796,9.263878630891016
2014-09-11,8.6199424985945,7.978872167984403,9.218990940663545
2014-09-12,8.649031617022331,8.047550115268528,9.26841136365957
2014-09-13,8.428524255813022,7.808092380582354,9.052699657811067
2014-09-14,8.805148624050736,8.225564424855772,9.425669695069873
2014-09-15,9.120681966505627,8.489910914126773,9.740840765174575
2014-09-16,8.894417989632124,8.312922181167156,9.55971241141386
2014-09-17,8.709478888354205,8.074399000216516,9.291557384030668
2014-09-18,8.700437974857808,8.083386815966646,9.297523903496474
2014-09-19,8.695128311034132,8.090281556747524,9.32428346972256
2014-09-20,8.440875902332083,7.8057803460314386,9.069789789577458
2014-09-21,8.785108705111492,8.178069297770023,9.415551819513317
2014-09-22,9.070267071561537,8.495927540253941,9.726346354722612
2014-09-23,8.816254083184209,8.237859769627343,9.470648670025405
2014-09-24,8.606731915641511,7.986944524436679,9.198407603850518
2014-09-25,8.57673066903227,7.9464209618572905,9.183993680013883
2014-09-26,8.554445447009103,7.94349048000017,9.17783818473602
2014-09-27,8.287460562327539,7.617423779268573,8.900954113087526
2014-09-28,8.623352369592963,7.924808566722723,9.235651005797552
2014-09-29,8.904596519645489,8.298236448544504,9.514639911679732
2014-09-30,8.651018173720054,8.0363382169223,9.247005218074708
2014-10-01,8.446091321463578,7.802038128885701,9.108524816553267
2014-10-02,8.42455355222345,7.777198077991468,9.064802831258797
2014-10-03,8.414211894712839,7.805968340335705,9.045295212932237
2014-10-04,8.162178355389623,7.53863664960165,8.774673680078022
2014-10-05,8.515486337090604,7.91449817774803,9.115883226864025
2014-10-06,8.816013350186044,8.225983671574744,9.46865924473298
2014-10-07,8.582948120045508,7.935353805547012,9.223794025313877
2014-10-08,8.399107760773303,7.746908042003437,9.02176686554503
2014-10-09,8.398570864060526,7.790196039025312,9.060301229838034
2014-10-10,8.408501605572095,7.7990160484759175,9.022021595610116
2014-10-11,8.175402988839068,7.574264260393456,8.804880678884409
2014-10-12,8.545749914706144,7.911797479262977,9.16230276858485
2014-10-13,8.860927025894362,8.251749621321842,9.408092896111643
2014-10-14,8.639709011715443,8.035458561911765,9.22288130995607
2014-10-15,8.464588679846575,7.845105292688808,9.126490692514281
2014-10-16,8.469418346955852,7.8782515018828665,9.084709207602463
2014-10-17,8.481239427797766,7.828534171602596,9.12678240735329
2014-10-18,8.246538200431155,7.624698959296335,8.903486240344629
2014-10-19,8.611878377626004,7.984260626008523,9.227581622581607
2014-10-20,8.918835461847202,8.25834969668159,9.533602754836881
2014-10-21,8.686470681435832,8.091846431889204,9.296146864551476
2014-10-22,8.497650008884628,7.85979882164676,9.102843130618076
2014-10-23,8.486674082544752,7.898466533169977,9.088771930261636
2014-10-24,8.481094248632562,7.826999943057074,9.122387590058109
2014-10-25,8.227953096304857,7.5646243395266595,8.804095647046896
2014-10-26,8.57440055734545,7.9813014935227375,9.230802563073382
2014-10-27,8.862611022961204,8.259566946010901,9.51763041417785
2014-10-28,8.612239770303303,7.986891952837378,9.232618958565833
2014-10-29,8.406724700322938,7.801561526820901,8.989236795783121
2014-10-30,8.380899700272543,7.761225892410917,9.033911679876828
2014-10-31,8.362795317017696,7.729768697711751,9.002896604791614
2014-11-01,8.099865547076385,7.498313155816764,8.768746313119564
2014-11-02,8.439592199727628,7.7358573106740165,9.071186523027864
2014-11-03,8.724392611250597,8.102636899644923,9.340562824093707
2014-11-04,8.474069260181254,7.861178925430709,9.131399264658212
2014-11-05,8.272107467040534,7.617851312414483,8.88856459211636
2014-11-06,8.253287593414358,7.68423473472286,8.906963007040236
2014-11-07,8.24548744527569,7.650229162689572,8.849231017419173
2014-11-08,7.995913622182207,7.325437200303949,8.595450295503566
2014-11-09,8.351713123688443,7.721170579136729,8.937367921542286
2014-11-10,8.654890769846974,7.991339691156323,9.231705692281562
2014-11-11,8.424770695106552,7.766539071136556,9.021752977815499
2014-11-12,8.244307747781189,7.639201654740655,8.873117311320007
2014-11-13,8.247714808528661,7.6506731506038745,8.893453053310768
2014-11-14,8.26228129286321,7.652411793235022,8.88618805397193
2014-11-15,8.034621114087981,7.394965230029531,8.62724422066077
2014-11-16,8.411300940841162,7.728277882133112,9.009152898308388
2014-11-17,8.733773831023015,8.105299449056982,9.349553391103397
2014-11-18,8.520856042012117,7.931245373889044,9.129753379113666
2014-11-19,8.355052418923364,7.7561066729686505,8.976483396535649
2014-11-20,8.370195985092055,7.785924497331473,9.031208778776751
2014-11-21,8.39327666283802,7.794392407164446,8.986209157477898
2014-11-22,8.170697125544574,7.5206295552130005,8.711594922031725
2014-11-23,8.54890640913545,7.920002807504292,9.121067511998017
2014-11-24,8.869336233334282,8.247119368742654,9.475729480838854
2014-11-25,8.650877779228558,8.066868262908557,9.294761133738167
2014-11-26,8.47620435048716,7.822902211695187,9.131417169110676
2014-11-27,8.479405645636692,7.891362952268579,9.073418056185277
2014-11-28,8.48780874669365,7.898623270568875,9.108710467642977
2014-11-29,8.248224070646964,7.5795547504796374,8.87106115028409
2014-11-30,8.607567217850747,7.967228161967957,9.24891546641062
2014-12-01,8.907782024684298,8.21258216224478,9.4986370147723
2014-12-02,8.668302964106081,8.040860448954259,9.256884532667122
2014-12-03,8.472362746600862,7.870549044776226,9.11066138826225
2014-12-04,8.454611289413904,7.793777299984238,9.023395677801432
2014-12-05,8.442921601997304,7.814960645144664,9.062425481349065
2014-12-06,8.184621265862992,7.575678580281189,8.84392006991613
2014-12-07,8.527100850967534,7.936956140630603,9.175043792604596
2014-12-08,8.812724948524394,8.172644572840676,9.400570332092716
2014-12-09,8.561284290150866,7.9601873038404785,9.166808726698617
2014-12-10,8.356295076535254,7.767038591012375,8.96723955087336
2014-12-11,8.3326118911617,7.761552587413312,8.934029491609877
2014-12-12,8.318229885871723,7.686135826130571,8.950563564152564
2014-12-13,8.06051498318284,7.446831640757339,8.688527341629518
2014-12-14,8.406813430666011,7.772326706576016,9.012664894417581
2014-12-15,8.699366307940544,8.080488440597257,9.32099156616743
2014-12-16,8.457767307393684,7.836701214724356,9.09464495691487
2014-12-17,8.265269698861383,7.652256483294775,8.846940713985758
2014-12-18,8.256408583719786,7.622159433301561,8.891748437928175
2014-12-19,8.258813806896033,7.641931074477135,8.866537486560494
2014-12-20,8.019451915409629,7.361667947073386,8.637626662155782
2014-12-21,8.385248115805007,7.803845509834615,9.09498902902871
2014-12-22,8.698013433496856,8.045156843510016,9.296691548407148
2014-12-23,8.476914995543792,7.847618554012669,9.07318333784494
2014-12-24,8.304794957815973,7.692364742694156,8.921994853837138
2014-12-25,8.315803815196556,7.707537864161835,8.93022913905933
2014-12-26,8.337223130265102,7.717906295991904,8.936517439389295
2014-12-27,8.115715779968514,7.468257011527885,8.702727078939315
2014-12-28,8.497954436310016,7.920880080624983,9.149812681663667
2014-12-29,8.825553307625254,8.229527570962478,9.431472011460583
2014-12-30,8.617540950615588,7.998497881784432,9.245462130877467
2014-12-31,8.456679630998801,7.8062663731511375,9.06924064547654
2015-01-01,8.477096997641222,7.839485719273542,9.04669604065795
2015-01-02,8.506105199889289,7.8956459530329575,9.091323089809867
2015-01-03,8.29044570673431,7.657597309521517,8.907143674105015
2015-01-04,8.676910762383256,8.057719690529876,9.256585857861994
2015-01-05,9.007266775601979,8.456267046880697,9.655710232669191
2015-01-06,8.800717767131271,8.204825204847202,9.438562884789338
2015-01-07,8.640214700318607,8.060819445769607,9.285429323926625
2015-01-08,8.660076828857296,8.020820322051463,9.262044768602818
2015-01-09,8.687800570231996,8.081482270253108,9.330622890908527
2015-01-10,8.470294539769931,7.8198859942204235,9.049439792609178
2015-01-11,8.854492041301253,8.208305379214474,9.434643264691115
2015-01-12,9.182266646457784,8.543650402831208,9.819830378659352
2015-01-13,8.972889283778574,8.302679049135982,9.596132560399955
2015-01-14,8.80933291186158,8.169062553040611,9.396677271795696
2015-01-15,8.825891103363508,8.208911652914813,9.49884269796546
2015-01-16,8.849986178399426,8.27688478953346,9.462755998858958
2015-01-17,8.628405584484282,7.973854426757277,9.187828200843988
2015-01-18,9.007917810853426,8.419456910605597,9.598305792009313
2015-01-19,9.330193390175333,8.763543318225183,9.958220850828601
2015-01-20,9.114269260704237,8.50522620658071,9.70341111968284
2015-01-21,8.942862349844104,8.343087232232005,9.551353545564307
2015-01-22,8.949998433596667,8.323855455155432,9.496822363812118
2015-01-23,8.962831586944613,8.349333588508925,9.610326421216879
2015-01-24,8.727892557362852,8.096947096420939,9.335963358137592
2015-01-25,9.091716953903095,8.494076733060876,9.743527566209181
2015-01-26,9.395778391156895,8.76970805288949,10.01032864806289
2015-01-27,9.158964441991756,8.510318234126865,9.815407240190913
2015-01-28,8.96390084853467,8.36220189281825,9.595550820793507
2015-01-29,8.944589655196491,8.335816957666147,9.520491344757346
2015-01-30,8.928236221489488,8.313438889585479,9.56601220710638
2015-01-31,8.661503134683239,8.041447842194216,9.263910378001572
2015-02-01,8.991141658275705,8.33289081947636,9.601291741238883
2015-02-02,9.258925663785858,8.667569869902787,9.829718181488527
2015-02-03,8.98412577966778,8.33712855942134,9.62886824679003
2015-02-04,8.749829163657266,8.16745815090918,9.398632811135943
2015-02-06,8.634149986189216,7.996730519031601,9.289510419265213
2015-02-07,8.327874452395847,7.714186884246207,8.968012732189864
2015-02-08,8.61917596989374,7.975794615289826,9.19338379373342
2015-02-09,8.850529779113483,8.21805234806236,9.498494877063356
2015-02-10,8.541911736133164,7.925601424545084,9.179413135013437
2015-02-11,8.277100435052464,7.669363185636438,8.901844111694034
2015-02-12,8.191290282317308,7.594433617739675,8.843764124526656
2015-02-13,8.11289109694234,7.474615849575492,8.729468335076513
2015-02-14,7.78975295910057,7.180707783727422,8.391419438920122
2015-02-15,8.069767712842527,7.49300175264011,8.673824496825238
2015-02-16,8.295772886316556,7.685484271483696,8.903448787307598
2015-02-17,7.987996602365037,7.380719898216237,8.574626599206532
2015-02-18,7.730349724072254,7.106482821224854,8.381586348349575
2015-02-19,7.658031748651924,6.971166348958663,8.306505711366189
2015-02-20,7.599326288186389,6.968570023295999,8.219849867021432
2015-02-21,7.301825044268682,6.676884474008249,7.8996899943038486
2015-02-22,7.613031780443362,6.987946484665362,8.224977341160104
2015-02-23,7.875272063420245,7.257845264861394,8.51820725863662
2015-02-24,7.608147261468559,6.968160740976069,8.19125928386234
2015-02-25,7.394838869151359,6.7545173636828775,8.018638169244804
2015-02-26,7.369729408978261,6.762478353157345,7.965442767672496
2015-02-27,7.360215404571022,6.726689150753822,7.953365097480437
2015-02-28,7.112950915806347,6.491717712958462,7.732156244031127
2015-03-01,7.474472661270565,6.8331230293995855,8.08100890921947
2015-03-02,7.786131970959722,7.174506495990077,8.414614682005329
2015-03-03,7.566571494135202,6.92834897794023,8.166311544062435
2015-03-04,7.398052147640177,6.783162428731432,8.053158523407758
2015-03-05,7.414095966906095,6.787548149580878,8.030372065340883
2015-03-06,7.441319777467163,6.770315757122172,8.066857655366862
2015-03-07,7.225697628132333,6.598220081781427,7.846930874420902
2015-03-08,7.613202504558448,6.999286419629087,8.243263295922175
2015-03-09,7.9447521164459705,7.298954651190096,8.555224814484802
2015-03-10,7.738696303135178,7.092502864582191,8.359312650791852
2015-03-11,7.577151243165916,6.960294368566136,8.19596752537383
2015-03-12,7.5936459194367885,6.935505711872406,8.191674747194968
2015-03-13,7.614955642488296,7.019259332649213,8.253920630251626
2015-03-14,7.387360556863376,6.756129512435192,8.036544034611342
2015-03-15,7.757279733041249,7.15748495891149,8.36078923873765
2015-03-16,8.066205820148356,7.422337293826777,8.65913987594679
2015-03-17,7.833178079868377,7.206646017494226,8.386344135871758
2015-03-18,7.641099349392946,7.00636450134309,8.224963888124183
2015-03-19,7.624362824379441,6.991241452437659,8.262997289613276
2015-03-20,7.61066396924664,6.953505622610287,8.217338128982968
2015-03-21,7.34723603653143,6.698036861737426,7.967273241025958
2015-03-22,7.6814603916132205,7.086155304581586,8.249935752894947
2015-03-23,7.955777232910011,7.345551271505188,8.584788722049348
2015-03-24,7.690135147369087,7.041375417587539,8.321504306946187
2015-03-25,7.468285656296688,6.840663988101934,8.076188419175331
2015-03-26,7.425389221124834,6.8363964087162765,8.036171274953526
2015-03-27,7.389808550888107,6.809357268585105,8.009474521458326
2015-03-28,7.109328169014387,6.523096704870974,7.689380948647924
2015-03-29,7.431751840278275,6.8347829675287,8.055609200371377
2015-03-30,7.699803770403942,7.079168921565546,8.280448637916853
2015-03-31,7.4335722498654615,6.8168383433046715,8.07936979167513
2015-04-01,7.216802031895979,6.6023158167561515,7.8635565898851265
2015-04-02,7.184501949226262,6.594277628902046,7.821763838939944
2015-04-03,7.16474354548795,6.509972630707492,7.791283739197373
2015-04-04,6.904889514533797,6.2599763259044705,7.507793507520405
2015-04-05,7.252203290448791,6.653552612099793,7.871697513439057
2015-04-06,7.548765356361314,6.895422951777099,8.134361966876378
2015-04-07,7.313934522724353,6.674451605484177,7.9230791657448645
2015-04-08,7.130659979440617,6.495136238018144,7.721633489428898
2015-04-09,7.133110089599393,6.514190782141336,7.756777600533138
2015-04-10,7.148493127739487,6.59657758038507,7.767070787268159
2015-04-11,6.923308162435308,6.346005942063525,7.548699813252304
2015-04-12,7.303976828418523,6.681737368911048,7.913663006281303
2015-04-13,7.6317809710019375,6.965114240826179,8.251811435029307
2015-04-14,7.42534385622088,6.799109310568637,8.061054041862453
2015-04-15,7.2669602369963275,6.631467241391813,7.837273641376525
2015-04-16,7.290240785822754,6.6317594571128655,7.931484995686919
2015-04-17,7.321945708623463,6.711796467247174,7.949485559551382
2015-04-18,7.108245430255563,6.518411774670551,7.747825546991358
2015-04-19,7.495358874375541,6.899888239630708,8.074557901658212
2015-04-20,7.824494190041576,7.204407575031639,8.47183461613241
2015-04-21,7.614329582928214,6.967489335250575,8.22264068196865
2015-04-22,7.447339600785826,6.817836244328931,8.074917816921714
2015-04-23,7.457432535287736,6.815845483011533,8.025460620477885
2015-04-24,7.471773993667405,6.907607455742903,8.090872361170232
2015-04-25,7.237034848972132,6.640480510089687,7.839619058562436
2015-04-26,7.600014479861925,6.9926787314822665,8.195893229909897
2015-04-27,7.902564598826437,7.284970520381889,8.543983334558838
2015-04-28,7.664051818366952,7.023645043475357,8.25797829171335
2015-04-29,7.467664827333809,6.8375961751631245,8.057366772981945
2015-04-30,7.448032378074699,6.838158480470913,8.030101938008988
2015-05-01,7.4330276768906245,6.8579387979116335,8.04609615647884
2015-05-02,7.169997911226376,6.582049703500351,7.792688084141979
2015-05-03,7.506370320005711,6.874254254935981,8.057460505193514
2015-05-04,7.7845605587565325,7.188385013465275,8.403665553084332
2015-05-05,7.524421906887906,6.954854200636617,8.120652150076687
2015-05-06,7.309541521670856,6.698008021086886,7.935164978083663
2015-05-07,7.274850197832553,6.671521517786714,7.861426069528912
2015-05-08,7.248421403193196,6.64721024821534,7.899726129817592
2015-05-09,6.9776984172970575,6.35526529141715,7.614577676522324
2015-05-10,7.310100987142963,6.715307649433627,7.926566847743375
2015-05-11,7.587937174456684,6.9502591762710715,8.15910072225949
2015-05-12,7.3308587832243255,6.702375120264325,7.949151424611888
2015-05-13,7.122166337633918,6.504174804509326,7.774401506155799
2015-05-14,7.096429767062751,6.491883235579023,7.743483888793138
2015-05-15,7.081300208081312,6.4731376939636425,7.713957621902194
2015-05-16,6.823751343097442,6.253171092085652,7.449738001608856
2015-05-17,7.170701248040277,6.516900593535643,7.836451251356369
2015-05-18,7.463939960840261,6.860053763233785,8.055943582050991
2015-05-19,7.222600689519094,6.628389648168586,7.875845953875124
2015-05-20,7.0294801668391464,6.370937489285927,7.6249515603048845
2015-05-21,7.018673865076087,6.4047936102861325,7.648183177086342
2015-05-22,7.0174010706983925,6.411701261069484,7.6399056539317804
2015-05-23,6.77225787289259,6.1707336230960586,7.375812444070613
2015-05-24,7.129848727257202,6.54133551845182,7.729435243450913
2015-05-25,7.431721558402299,6.776082490948271,8.052847835740977
2015-05-26,7.196844141689793,6.585261463531896,7.857688336471618
2015-05-27,7.007927166285522,6.394327858951093,7.603064639119208
2015-05-28,6.999059664056933,6.373173739891905,7.579449602222815
2015-05-29,6.997531850677234,6.371896880524373,7.62697126106203
2015-05-30,6.75008355247434,6.156006633679395,7.369585597260096
2015-05-31,7.103529068358581,6.519107253605116,7.68073124325959
2015-06-01,7.399683680320835,6.7602804521123545,8.004590906009362
2015-06-02,7.1578298557926,6.475993781322791,7.791578514124261
2015-06-03,6.961028890457379,6.343314571144167,7.554863524630818
2015-06-04,6.943744054684294,6.352022029491735,7.562560393476087
2015-06-05,6.933650688838393,6.300460269560699,7.531173706351313
2015-06-06,6.677871827630753,6.105309336139342,7.287889609533613
2015-06-07,7.023590604717188,6.385368245733255,7.633180913295095
2015-06-08,7.312965035797443,6.687131272076276,7.949240583731028
2015-06-09,7.06558357960223,6.4331259354743535,7.7238437420749175
2015-06-10,6.864767542091501,6.274179799851833,7.477475475757552
2015-06-11,6.845186655167153,6.221618752319274,7.478827938852021
2015-06-12,6.834663486899196,6.175383286429256,7.4963438492210726
2015-06-13,6.580405412916267,5.919968534997007,7.237781385878707
2015-06-14,6.929615483444728,6.288659038264087,7.542075422160128
2015-06-15,7.224407799464448,6.608501194553362,7.835041085470225
2015-06-16,6.984265744798932,6.358516759304609,7.609025472466472
2015-06-17,6.792349021441304,6.186118568923047,7.447756617319705
2015-06-18,6.783115640400149,6.152807320114975,7.391557798384633
2015-06-19,6.784134291182544,6.181965151398749,7.44771149001923
2015-06-20,6.542325538825914,5.930176467307912,7.1244144193318775
2015-06-21,6.904582864583314,6.241154941918177,7.558250670004662
2015-06-22,7.212698818183816,6.583011403561351,7.851922845629077
2015-06-23,6.985834266898956,6.39378370281829,7.6023068869470505
2015-06-24,6.806836322792746,6.187420688135446,7.476017112194192
2015-06-25,6.809870741744297,6.206743761378778,7.43042432906336
2015-06-26,6.822243877406377,6.187899063533846,7.409398288053775
2015-06-27,6.590652328437388,5.944808420302615,7.249170126040053
2015-06-28,6.9618110237286555,6.350796199580681,7.578805177812516
2015-06-29,7.277384789808125,6.616620011525069,7.869849154841916
2015-06-30,7.056461216517226,6.473908561744178,7.691843864216441
2015-07-01,6.881870292961359,6.23870345678608,7.52523926740592
2015-07-02,6.887816561029777,6.235031536931917,7.498776291415658
2015-07-03,6.901698887671165,6.295147987198953,7.5212086716915865
2015-07-04,6.670356075881214,6.018032450401031,7.27813552744426
2015-07-05,7.040689201536866,6.426829313617239,7.7017000138457465
2015-07-06,7.354585918788015,6.681150836343545,7.964003296932211
2015-07-07,7.131384798287758,6.5289245925006005,7.754354416595782
2015-07-08,6.954185460029768,6.288906337335019,7.578270398561945
2015-07-09,6.957470570179853,6.3317326576606785,7.604284031431352
2015-07-10,6.968915147003117,6.401976944444568,7.605042715894832
2015-07-11,6.735621750639047,6.10302349582656,7.376479143330109
2015-07-12,7.104732798013766,6.4512353529986415,7.7251361323998005
2015-07-13,7.418345587758685,6.795199573050872,8.025281189394722
2015-07-14,7.195968418460263,6.5502501710176695,7.858929373545063
2015-07-15,7.020823847664491,6.416472281776449,7.6882443700589045
2015-07-16,7.027465403854789,6.454030922424952,7.622167290701814
2015-07-17,7.043583388643258,6.376636941504508,7.674744224659494
2015-07-18,6.816238478835346,6.225425175803406,7.450255905291958
2015-07-19,7.19247444278686,6.584195161846232,7.752747224482522
2015-07-20,7.51423556448158,6.921326052124059,8.151846926602424
2015-07-21,7.30082710204876,6.648404664909475,7.880050861101621
2015-07-22,7.13522470764077,6.4930571116555535,7.735142707347044
2015-07-23,7.151698939946202,6.516796212294186,7.75485802592419
2015-07-24,7.177630270446459,6.555332601600464,7.79293655427838
2015-07-25,6.959753008843067,6.332297473743974,7.563025733363551
2015-07-26,7.344779138334144,6.738122544404114,7.931414575940945
2015-07-27,7.6743273008504165,7.106438919483476,8.266244594368743
2015-07-28,7.467394886959895,6.828202837902991,8.06280897994626
2015-07-29,7.306678778212372,6.686227684742034,7.870800057964224
2015-07-30,7.3262104988286865,6.714427711870261,7.988432519519578
2015-07-31,7.353180819989556,6.730020606006276,7.958101362621233
2015-08-01,7.134191912293409,6.500172087570317,7.740935025174881
2015-08-02,7.515887745757097,6.9136161127076186,8.170037694634152
2015-08-03,7.839887734276513,7.193788730639927,8.44125898641808
2015-08-04,7.6252613922826065,7.00289965104006,8.223436001266856
2015-08-05,7.454849427038038,6.864790081741208,8.134379557474714
2015-08-06,7.462896966439059,6.830960527042094,8.070772146326533
2015-08-07,7.476873978345032,6.881646790505217,8.151204038324945
2015-08-08,7.243721060037004,6.616962097251154,7.824985441880831
2015-08-09,7.61047144879736,6.971295997872388,8.185989968869379
2015-08-10,7.9191744669210475,7.31235304965334,8.54179370627538
2015-08-11,7.6893584442287946,7.100337968353368,8.312980484124965
2015-08-12,7.5043388682162515,6.873022980958016,8.138524230187159
2015-08-13,7.498837830349312,6.888282073368355,8.08892981656854
2015-08-14,7.500790224612053,6.927528968779811,8.074759471192788
2015-08-15,7.257575296619963,6.632804551500403,7.883670565323565
2015-08-16,7.616624821314465,7.016713011392372,8.258463645835485
2015-08-17,7.920333544068243,7.299893423681896,8.520765599404985
2015-08-18,7.688510331659379,7.064985086826112,8.328792951670858
2015-08-19,7.504676156147427,6.8315014826970275,8.120434767703603
2015-08-20,7.503675311159058,6.897238900183856,8.132240853498956
2015-08-21,7.513475595374683,6.90058587976223,8.134731362639178
2015-08-22,7.281396279053874,6.655988741011243,7.8691539814717375
2015-08-23,7.654715280805686,7.037613405443538,8.269493681302617
2015-08-24,7.975581265102473,7.354771692598103,8.589677384811708
2015-08-25,7.7634691060712795,7.10649272040881,8.366894160537232
2015-08-26,7.601484762223649,7.003873634678363,8.226263067504192
2015-08-27,7.623985807315182,6.978730459176457,8.261420669370176
2015-08-28,7.658393125462238,7.030749105814342,8.28728672371813
2015-08-29,7.451432293282272,6.7909905109628,8.025138432192797
2015-08-30,7.8497557245585154,7.222321333901312,8.473372084790764
2015-08-31,8.194870887273089,7.612337837594931,8.831716444890347
2015-09-01,8.00561259998636,7.397065483287688,8.600994622319744
2015-09-02,7.864464988273605,7.260483330443925,8.502147611417241
2015-09-03,7.905198869972598,7.3100571717269975,8.487990434697194
2015-09-04,7.95469960235925,7.307282699355914,8.583902042535078
2015-09-05,7.759223453916852,7.141721576506151,8.389976932803139
2015-09-06,8.16503314448734,7.52221828262704,8.780126030426453
2015-09-07,8.513337472900444,7.900426994961302,9.131253158079863
2015-09-08,8.322772700851461,7.708452928652697,8.930334390718311
2015-09-09,8.175730998118905,7.591669320343628,8.811282447442617
2015-09-10,8.206001513231872,7.571889478234847,8.797974638404323
2015-09-11,8.240598975374448,7.5856023770571746,8.8228188105257
2015-09-12,8.026017844331445,7.362379483039141,8.658123460790447
2015-09-13,8.408862689735795,7.8074071718692855,9.026502365431423
2015-09-14,8.730779838957929,8.099349805805986,9.331138296215215
2015-09-15,8.510928162514855,7.820616990803395,9.163107185055768
2015-09-16,8.332294576788534,7.7859301022152465,8.953757500577257
2015-09-17,8.32932017013845,7.7823561323270205,8.976351052854433
2015-09-18,8.329712257966396,7.712507375347028,8.991039617528404
2015-09-19,8.080680830162313,7.486263368600227,8.729373987217636
2015-09-20,8.429550553137712,7.790221462755776,9.02520595130888
2015-09-21,8.718673867630427,8.052983472981726,9.32684658063268
2015-09-22,8.467883559726786,7.857372857627562,9.110039666410495
2015-09-23,8.26079088587893,7.608935241050093,8.897330502314205
2015-09-24,8.232395637120524,7.598375485801433,8.84661771108651
2015-09-25,8.210883891776842,7.6114067622121615,8.77155055743179
2015-09-26,7.943852315713348,7.31892727607873,8.564133542778432
2015-09-27,8.278910508575443,7.637453374619737,8.881686734858498
2015-09-28,8.558587204431404,7.93834998929428,9.17028491657102
2015-09-29,8.302778894760987,7.687512298168807,8.93224254727093
2015-09-30,8.095047062848773,7.491029303839713,8.70570664444278
2015-10-01,8.070230437645648,7.440899282003101,8.668462148876634
2015-10-02,8.056247953107997,7.441239154180434,8.688018187405405
2015-10-03,7.800331124304634,7.176208053101266,8.426461591106278
2015-10-04,8.149637110673781,7.487794728704925,8.788721457324911
2015-10-05,8.446167972828887,7.868248646471018,9.108933345256496
2015-10-06,8.209234323479642,7.601409605573176,8.837613733790414
2015-10-07,8.02176913911519,7.368203417465847,8.685285240606923
2015-10-08,8.017957675112006,7.417903634912849,8.652753503963742
2015-10-09,8.02505867501625,7.363832177230094,8.632567995293677
2015-10-10,7.789655074268269,7.1421447106765,8.400668554123044
2015-10-11,8.158284956445451,7.560701356958669,8.800881560980985
2015-10-13,8.250733529956248,7.615521333939793,8.91033770056099
2015-10-14,8.075850353631404,7.477307757821486,8.680119289169744
2015-10-15,8.081565872821704,7.467702649497238,8.660304870046575
2015-10-16,8.09488742100629,7.520229781455297,8.7542715411978
2015-10-17,7.862248940485597,7.283394639446208,8.511773134622075
2015-10-18,8.230145209065864,7.607948818975839,8.881910860685
2015-10-19,8.54006831371388,7.943746435968476,9.133890263103558
2015-10-20,8.310984106444234,7.66675615850275,8.96332966305838
2015-10-21,8.12565406980988,7.513013593062707,8.736467704356093
2015-10-22,8.11826833074639,7.486457663147846,8.73529494344056
2015-10-23,8.116264950404615,7.48443222050762,8.69636189521198
2015-10-24,7.866573769413947,7.2457129935403985,8.470967986735904
2015-10-25,8.216235785404,7.570593476089582,8.78394586232976
2015-10-26,8.507323421871968,7.9236531940483195,9.087752701213423
2015-10-27,8.259399891631142,7.602897876195063,8.860688076455855
2015-10-28,8.055823573549095,7.465433465832722,8.7140869932167
2015-10-29,8.031363641947193,7.4196153432152325,8.649989456609608
2015-10-30,8.01400257181277,7.3199329873349015,8.599573626283233
2015-10-31,7.751164275497785,7.128616160853031,8.391363171932632
2015-11-01,8.09031929112949,7.473141259228545,8.664760459434023
2015-11-02,8.373892779777211,7.738564257744328,8.969534700875561
2015-11-03,8.121713875922678,7.5098218998956705,8.752355408652429
2015-11-04,7.917312585003911,7.262664210473162,8.563760136309565
2015-11-05,7.8955306686920625,7.314970988597157,8.505962551862304
2015-11-06,7.8843222629893335,7.274700659840016,8.494617325476442
2015-11-07,7.630983024384187,6.994521062884432,8.243037029202512
2015-11-08,7.982759180634639,7.343971333171866,8.566801120738914
2015-11-09,8.281762118065773,7.606109819829565,8.8633841784064
2015-11-10,8.047426847222045,7.418681307485371,8.668390658226198
2015-11-11,7.862820266691101,7.260296349312111,8.497343770807184
2015-11-12,7.862265328713338,7.202213200153193,8.483480980092102
2015-11-13,7.873156461713932,7.267202206970305,8.465887669703683
2015-11-14,7.642204613555131,7.021039187889424,8.233769582350527
2015-11-15,8.01606283192313,7.365525906151906,8.660509419631067
2015-11-16,8.336257538265485,7.706637485284254,8.961487742299797
2015-11-17,8.121663360210563,7.501874367029554,8.77175456474231
2015-11-18,7.954826977691215,7.333074603518538,8.556629401708571
2015-11-19,7.969605647520996,7.388545141392913,8.593126738309362
2015-11-20,7.992995360937955,7.393004360555259,8.637640455958007
2015-11-21,7.77138664691297,7.169414617536794,8.367173985805804
2015-11-22,8.151198646094478,7.489317798679492,8.775634391449024
2015-11-23,8.473816387792938,7.849093715204508,9.092024252557671
2015-11-24,8.258068984470592,7.6275739454732445,8.895238473305955
2015-11-25,8.086554125882536,7.457752268057557,8.710461974297365
2015-11-26,8.093274543526372,7.434032887900438,8.713246839709434
2015-11-27,8.105461483960804,7.4809738560245735,8.726486682817812
2015-11-28,7.869823362996228,7.205250185519286,8.53894863834208
2015-11-29,8.233170454691312,7.60958403810038,8.853296884230298
2015-11-30,8.537340839218839,7.9277990970870444,9.164147083945672
2015-12-01,8.301665669284095,7.65596926866798,8.898099570783108
2015-12-02,8.109279525375387,7.4664983182782505,8.73112275604211
2015-12-03,8.09474194984064,7.492188686912878,8.74859180801101
2015-12-04,8.085845636219872,7.519471627523775,8.691192159228823
2015-12-05,7.829849889165003,7.23008458419258,8.454275146485474
2015-12-06,8.174090644523918,7.530807717004654,8.751465204412625
2015-12-07,8.460892688797808,7.850155446458798,9.106903617718721
2015-12-08,8.210022520086412,7.590121383130832,8.817035466947818
2015-12-09,8.004987959646108,7.4286113439860095,8.627895844246959
2015-12-10,7.980650889358024,7.309080651197053,8.625988741881981
2015-12-11,7.965028815575307,7.3361611924472525,8.563576104248009
2015-12-12,7.705524031142131,7.129348145397244,8.33988627285884
2015-12-13,8.04953175012276,7.482940871897318,8.670558578644918
2015-12-14,8.339352866009419,7.7238670011640895,8.948977697673335
2015-12-15,8.094649714113855,7.479936579466502,8.70466506339403
2015-12-16,7.898750815417696,7.252677544722564,8.519855681052771
2015-12-17,7.88627077966878,7.244675049399414,8.52269543389814
2015-12-18,7.884920811629971,7.300228131933939,8.53090239224365
2015-12-19,7.6417482851316265,7.028639506944003,8.249867605819578
2015-12-20,8.003756411642353,7.3816749815907965,8.628972710272116
2015-12-21,8.312829276730115,7.682509783908088,8.938246467612268
2015-12-22,8.088200230084984,7.506538955102735,8.719476639359298
2015-12-23,7.91276920609692,7.283207127726478,8.54363551221514
2015-12-24,7.920734759801787,7.317132969558277,8.552962880883497
2015-12-25,7.939415888561153,7.290453503693578,8.565666781327092
2015-12-26,7.715501761627882,7.129127334137955,8.336087743569772
2015-12-27,8.09568008333455,7.495086661813482,8.698495415617852
2015-12-28,8.421569113019828,7.7981806824229185,9.108702227517798
2015-12-29,8.21219113535898,7.585175220749071,8.820094784433373
2015-12-30,8.050292830114298,7.439338576667504,8.740087392878511
2015-12-31,8.069978265754512,7.464045347791907,8.682912204358715
2016-01-01,8.09852959623087,7.455730924636983,8.703525937503104
2016-01-02,7.882653660552332,7.25117558638046,8.465045985524412
2016-01-03,8.269105354230563,7.650183499692289,8.92094413567536
2016-01-04,8.599613000001927,8.03120924502576,9.146332925414109
2016-01-05,8.393343770007442,7.8103278205080775,9.013320018859403
2016-01-06,8.233214912651558,7.606899763513931,8.844755859288055
2016-01-07,8.253516848598156,7.619034236757846,8.88277057256324
2016-01-08,8.281723579908302,7.700895485322155,8.937190912995026
2016-01-09,8.064728989510733,7.450400074816523,8.664844137388885
2016-01-10,8.449460278168884,7.8335414758472,9.102094856294451
2016-01-11,8.777794132623256,8.1854140991955,9.442895850673656
2016-01-12,8.56901401953024,7.93138752701641,9.133930935772678
2016-01-13,8.406114665689985,7.77165663109976,8.980947376771004
2016-01-14,8.423420050955267,7.786039013927544,9.04133246385382
2016-01-15,8.448390565448571,7.851951045321171,9.029988399754956
2016-01-16,8.227858054525061,7.6139151444336255,8.845611704472885
2016-01-17,8.608640078132007,8.0149115099562,9.224098297226814
2016-01-18,8.932458987827388,8.302705953264216,9.571105802991191
2016-01-19,8.718404154675722,8.086562098009072,9.349867449162238
2016-01-20,8.5492432774054,7.874866013694981,9.133439352850031
2016-01-21,8.559048899735718,7.920877197183359,9.173496538846251
2016-01-22,8.575015530261751,8.027782094515244,9.189917386462229
2016-01-23,8.343705776793133,7.733628427629854,8.975905786191351
2016-01-24,8.711676466215591,8.111196851799571,9.34612371623625
2016-01-25,9.020409964258201,8.378286547418847,9.595300322145555
2016-01-26,8.788788618079485,8.157115721635998,9.406068527026367
2016-01-27,8.599417832021285,8.008427386901952,9.225060070401208
2016-01-28,8.586263490809461,7.975626095259139,9.208351902369929
2016-01-29,8.576478726486567,7.980676758141151,9.186628651016619
2016-01-30,8.316658074186178,7.715180426747584,8.941028688288405
2016-01-31,8.653469663348453,8.103445302390142,9.27953106166569
2016-02-01,8.928590387457781,8.290238187374847,9.551191257075196
2016-02-02,8.661181766505774,8.027048331478063,9.227429705215597
2016-02-03,8.434211873961214,7.837948947625885,9.045796697393614
2016-02-04,8.382088979759741,7.699428335772513,9.010442154523542
2016-02-05,8.332481921903364,7.7501714355714855,9.001205508124885
2016-02-06,8.032565348274733,7.442592747182665,8.618969535581025
2016-02-07,8.32964065051457,7.701286887547694,8.890648009068816
2016-02-08,8.566057783302247,7.929294876222288,9.176296966534954
2016-02-09,8.261676002509468,7.617038165449898,8.90789959206433
2016-02-10,8.000169274002545,7.3738715148432,8.607270326793582
2016-02-11,7.916642435317272,7.274707999199301,8.535838175321345
2016-02-12,7.839433592401088,7.219897012284301,8.465343512291287
2016-02-13,7.516341388477495,6.857544077706909,8.153420333904334
2016-02-14,7.795228474181126,7.181694805334144,8.41609296136439
2016-02-15,8.018926876893802,7.384712162906246,8.63272015656705
2016-02-16,7.707683789933538,7.052855946751937,8.310863192910965
2016-02-17,7.445453988856471,6.811227256070019,8.062716778240873
2016-02-18,7.367505367132045,6.769330987387629,7.987284746241183
2016-02-19,7.302213425596539,6.633139211941498,7.880054925390245
2016-02-20,6.997283636036564,6.386226962270863,7.610643467767825
2016-02-21,7.300353213330741,6.665437330660995,7.924183112899445
2016-02-22,7.553898114292624,6.952789863715562,8.14903023583219
2016-02-23,7.2776838143547495,6.684737509611125,7.903402510834615
2016-02-24,7.055066007907659,6.454689246432498,7.65876518558688
2016-02-25,7.0206075716185605,6.356600642169529,7.683791183526074
2016-02-26,7.001887383712312,6.335084396007141,7.612867635469063
2016-02-27,6.745739595199099,6.117862178384657,7.366117970517047
2016-02-28,7.098874488141192,6.48360201836009,7.709486865894671
2016-02-29,7.402806274929756,6.774883398049285,8.014335729094883
2016-03-01,7.176325872788993,6.529295842741914,7.803060748590981
2016-03-02,7.001824243280897,6.4131626483891955,7.588083015460382
2016-03-03,7.012932055939687,6.399235108582156,7.6185372819217
2016-03-04,7.036350680260563,6.416260694994456,7.673100042565255
2016-03-05,6.818112520864603,6.163902117276834,7.456572297179053
2016-03-06,7.204221273289101,6.596109076986441,7.759632141753655
2016-03-07,7.53559693572551,6.8684754683442755,8.147894643325097
2016-03-08,7.330563145725158,6.723661504154332,7.946689148249259
2016-03-09,7.171182033044533,6.5572493695242136,7.823561280663638
2016-03-10,7.190902026998777,6.6093073806513765,7.801898563125103
2016-03-11,7.216393388989179,6.571516041646619,7.87448240352846
2016-03-12,6.993809345460159,6.417823998052277,7.577473375481382
2016-03-13,7.369423357567464,6.68759096563219,7.978606652422681
2016-03-14,7.684567421701291,7.08829633633521,8.285245472472287
2016-03-15,7.458109127634094,6.830771967663468,7.997272085821867
2016-03-16,7.272772918258822,6.677706272551482,7.8597768512276796
2016-03-17,7.2627713307000255,6.6585962432205,7.866464540231947
2016-03-18,7.255621410552406,6.640366896043045,7.875500558774831
2016-03-19,6.998384664137,6.340734382879287,7.614628403121167
2016-03-20,7.338281630175994,6.68819221702154,7.962614883725329
2016-03-21,7.61760655106123,7.0054335926747555,8.23179938264932
2016-03-22,7.356180481627818,6.723929228248916,7.969496079057654
2016-03-23,7.137648899265063,6.484889745265225,7.725648587216794
2016-03-24,7.097090206948426,6.432907902062529,7.740824237423268
2016-03-25,7.062810908213178,6.454094765677103,7.695980368308692
2016-03-26,6.78256636586846,6.1957375569649304,7.4129954296442735
2016-03-27,7.104158717627951,6.477569536326075,7.676984356753638
2016-03-28,7.370337852313113,6.777145352436163,8.00262112451621
2016-03-29,7.101244128347026,6.508290471537155,7.75346345419151
2016-03-30,6.88069915344182,6.221910095225854,7.5011650288148415
2016-03-31,6.84381117662726,6.21428493043953,7.480645693266562
2016-04-01,6.8187709317493574,6.178416821083175,7.384403572893882
2016-04-02,6.553076803495805,5.955569309760918,7.154534808287474
2016-04-03,6.8941407490460245,6.2584263027694345,7.546628819492409
2016-04-04,7.184200643761502,6.561989686081046,7.805235302713777
2016-04-05,6.942777409011835,6.35379221845156,7.6148734496111175
2016-04-06,6.752982838239597,6.198673628423963,7.374001759253286
2016-04-07,6.749144201762799,6.109378239072086,7.365065513171039
2016-04-08,6.758620944128795,6.144105177989087,7.369100678397144
2016-04-09,6.528051779640318,5.917282700794358,7.122291183971167
2016-04-10,6.903983029316518,6.233938868689869,7.544421557983818
2016-04-11,7.227803269610156,6.625530901962008,7.78850758070194
2016-04-12,7.01822206107597,6.349857882892966,7.654194081443435
2016-04-13,6.857598107362544,6.231148472336777,7.481529883824215
2016-04-14,6.87958239881278,6.275499507566134,7.507164420048435
2016-04-15,6.910951181826877,6.2898656472247865,7.525096805053865
2016-04-16,6.697866653055469,6.097957177415034,7.299461812270902
2016-04-17,7.086515891806299,6.513490052025185,7.715969224581685
2016-04-18,7.418052856187844,6.826446398330984,8.015711329118325
2016-04-19,7.211081057411885,6.538756057949,7.8374648905738065
